month,rmrf,smb,hml,wml,wml_star,rv_ann,sigma_hat,scale
1990-01-31,-0.011603270954328,,,,,,,
1990-02-28,-0.038018252614478,,,,,,,
1990-03-31,-0.0239122143814216,,,,,,,
1990-04-30,-0.1822809261903122,,,,,,,
1990-05-31,0.1591158250696909,,,,,,,
1990-06-30,-0.1152900294951249,,,,,,,
1990-07-31,-0.0387340670631828,,,,,,,
1990-08-31,-0.1104029100793466,,,,,,,
1990-09-30,-0.0094792146452326,,,,,,,
1990-10-31,0.148805109979055,,,,,,,
1990-11-30,0.015641317416877,,,,,,,
1990-12-31,-0.002355237278831,,,,,,,
1991-01-31,-0.0656301596926169,,,,,,,
1991-02-28,0.063526052886043,,,-0.081721687829692,,12.036536729962027,,
1991-03-31,-0.0181552297275424,,,-0.0751624455446922,,16.534086930150345,,
1991-04-30,-0.0221790423791838,,,0.0068545243174971,,14.570424108051258,,
1991-05-31,-0.053099492465876,,,0.0123154699006974,,6.5585087482833275,,
1991-06-30,-0.007396917691292,,,0.0136781081773043,,8.089075115952445,,
1991-07-31,0.1899314382802948,-0.1811979881810127,0.0469514192925004,0.0602765103369475,,13.79476626481643,,
1991-08-31,-0.0457037416047808,-0.082441404868384,0.0230724058559008,0.0596441828883066,0.05944794048600198,14.079527594572582,0.03475536891401732,0.9967097813600345
1991-09-30,0.0340318974854656,-0.0429142136890717,0.022562825644204,0.103140281449561,0.10583113433679572,12.484558193690726,0.03376023679554983,1.026089252903102
1991-10-31,-0.0111547937315935,-0.0542008633386624,-0.0847949714752794,0.0645098054557415,0.0677521011957049,22.33201397527724,0.03298326064101804,1.0502605102752613
1991-11-30,-0.0641615157910358,0.1291848598074585,-0.0031899118829405,-0.0579832011900758,-0.04691156834183106,23.448257357910038,0.04281666718746052,0.8090544740372195
1991-12-31,-0.0652530992964222,0.0178028410340658,-0.0162954812920923,0.0831079006900764,0.05135225790469311,23.628342592594855,0.05606262017641311,0.6178986291110213
1992-01-31,0.1424253840454052,0.1762921509615962,-0.0104881145059344,-0.0395024273324406,-0.022607188386484376,33.05866674567628,0.06052960677143683,0.5722987146138906
1992-02-29,-0.1011631746943242,0.116429664939861,-0.0706703442956644,-0.0730644891765581,-0.03312855294189482,41.021731837458425,0.07640020239026277,0.4534152406354431
1992-03-31,-0.0081783803698188,0.1285617277323438,-0.0125208221776408,0.4330771706542765,0.16595346382742618,54.87683863471258,0.09040024183543645,0.38319605620566427
1992-04-30,0.0152837990673988,-0.0379461212115218,0.1134879465125522,-0.3316543951269112,-0.10402678471695317,40.99267630674955,0.1104412223210274,0.3136602024440116
1992-05-31,-0.0687614800624174,0.1200258202154349,0.0533379122635326,0.1010063665096385,0.029416447328752166,31.606555171406004,0.11894581063949206,0.29123359591343295
1992-06-30,-0.0349853706413562,-0.1453533774426793,0.0733423399958848,-0.1316828192249242,-0.036733487967478155,23.552976342452318,0.12418169142195663,0.278954294749223
1992-07-31,-0.0762499612112009,-0.0088850558097305,-0.0194677322947186,-0.0569857038000323,-0.01675263677889758,24.327584172086258,0.11783474516806418,0.2939796415901787
1992-08-31,0.1049138733060675,-0.0147218914316115,-0.0067268427180636,0.1134467610260521,0.03581958599718664,37.57569034364223,0.10971402855782879,0.3157391685158907
1992-09-30,-0.0876473861306682,-0.0087744025969552,-0.0051272550247006,-0.0350116581529609,-0.012543607347798316,35.09806577178286,0.09668984223873274,0.3582694453658007
1992-10-31,0.2008673047629312,-0.099682869898818,-0.0031433914865051,-0.1431428270547594,-0.05494049982141966,35.09245806942419,0.09025423867775859,0.3838159476925947
1992-11-30,0.0785733965352037,-0.0153565485475343,-0.026202944512482,-0.1377895374721146,-0.0545446319780116,42.235729995823235,0.08750942888360776,0.395854670671568
1992-12-31,0.020396184892617,0.100288500116094,-0.0218496625543669,-0.1110287196153592,-0.03942913730967401,30.581074486705905,0.09754582351764435,0.3551255697288935
1993-01-31,-5.371594095693322e-05,0.1330071802481343,-0.0414623992863438,0.0241019392048142,0.008416446334550664,20.61791620451151,0.09920049770246205,0.3492020398453887
1993-02-28,-0.0383273165282049,0.0100590525003225,0.0072950927433623,0.0653963881777338,0.02354289356978982,10.56824342343146,0.09622425265573913,0.36000296386101827
1993-03-31,0.0371805071130912,-0.044184083358152,-0.0149617094507031,-0.0464222794799251,-0.019312575363756114,10.792491101887157,0.08326776222014363,0.41601954018883675
1993-04-30,0.0826870858142527,-0.0118647876625763,0.018662353050495,-0.0231576164481952,-0.010725403833252063,14.265052800768727,0.07479470030976905,0.4631480039081463
1993-05-31,0.0415342893867543,0.0507704244819884,-0.0159616783121046,0.0726471454774617,0.04231129638625496,9.802886910296886,0.05947751912072697,0.5824220085754334
1993-06-30,-0.0047662547747947,0.0746568281591468,-0.0152243464007978,-0.0477730801055702,-0.037384100688680325,16.03161086128445,0.044267696936714236,0.7825348628572402
1993-07-31,-0.0251414622673231,0.0345574598504916,-0.0044285844761557,-0.0011793298766215,-0.001142808174739488,8.864642916387336,0.0357480688420524,0.9690318183181809
1993-08-31,-0.0881312457810588,-0.0930125627757714,0.0310249130505979,-0.097362525023894,-0.09781353628371577,17.763723649515082,0.03448128888938978,1.004632288035988
1993-09-30,0.0817235871099886,0.0366986772255586,-0.0175109548891725,0.0749908550103537,0.06792003077590565,13.068572006587376,0.03824732394763312,0.9057108465629334
1993-10-31,0.0428844265972245,0.0754745864251378,-1.532778027479864e-05,-0.0372688996880317,-0.033636785492909535,10.310463978736866,0.03838156759388672,0.9025430258063519
1993-11-30,0.0800709543034365,-0.071571656191732,0.0133652693116679,-0.1194324958361965,-0.10734082124604785,26.353663060600947,0.038543239833963384,0.8987572477198118
1993-12-31,0.0704367026152468,-0.1210521818771976,0.062368834379449,-0.1755445682944342,-0.1200136081191356,27.23050706713216,0.05066960589617088,0.6836646060038801
1994-01-31,0.1045305509969227,-0.1487287503702713,0.0507339118034653,-0.044541800502678,-0.026180590780856685,34.747971768185614,0.05893576823915414,0.5877757631122842
1994-02-28,-0.0215477466894716,-0.0171535480199556,0.0056512217072233,-0.0536818388900154,-0.025304415149290396,39.02173211738802,0.07348889263211518,0.47137757708216127
1994-03-31,-0.0569774808967419,0.13335617407414,-0.0584416587863947,-0.2110649064148325,-0.08665674590809956,48.70952642344562,0.08437315243592383,0.410569181679981
1994-04-30,0.0468640568062885,-0.0898595968236122,0.0445298162437417,0.2928264948707189,0.09936187989654038,38.543029762147476,0.10208952718014182,0.33931997833873623
1994-05-31,0.0342373262519688,0.0463171889212639,-0.0135843231932362,-0.1156131832336726,-0.037138189092506324,31.766803949452743,0.1078393493482949,0.32122797810561227
1994-06-30,-0.0082860285940151,0.0535730858805143,0.0089775697767546,-0.070519991877455,-0.021838857122786572,30.49397914631518,0.11185952469431365,0.3096832053063293
1994-07-31,-0.0053501665948455,0.0478328786669368,0.0350313977377403,0.0016600204229921,0.0005190566609180595,26.03387800681178,0.11078712328395277,0.31268088857755555
1994-08-31,0.0127559703169546,-0.0752457417965701,0.016324161151729,0.1396487661535078,0.047038442574130215,30.703879633992532,0.10284301305724217,0.3368339289329888
1994-09-30,0.1045241731093788,-0.1077161976741344,0.0033202829674445,-0.0715102785105006,-0.026213231834071427,36.25669232187987,0.09450146126781507,0.366565931220954
1994-10-31,0.0539751481073398,0.1369361175802645,0.0049962337302664,-0.0606187660809944,-0.023194113037764523,26.349235536833977,0.09053571703601108,0.38262265198163603
1994-11-30,-0.0234951643858332,0.0874179074696197,0.004355172278343,-0.0947715095310726,-0.03716298717616436,38.075652107519026,0.08834008355662967,0.39213248116492
1994-12-31,-0.0466118926223578,0.1377447660946669,-0.0335843091539587,-0.0584377924724947,-0.021577005696096493,24.674757983771606,0.0938195290580455,0.36923033508242603
1995-01-31,-0.0916151399896052,-0.0504252381997106,-0.0139983032362976,0.0903382910699843,0.03383954549145803,27.679783356737946,0.09247790283806015,0.3745869563244541
1995-02-28,-0.041739198717174,-0.0343582797199422,0.021892108590521,-0.0451204816379614,-0.01750808616254172,20.673698547271453,0.08927413988415313,0.3880296824626882
1995-03-31,0.0531519430590783,-0.028742489789624,-0.0042168440164749,0.0138083131003727,0.00573770605677638,22.46378148350786,0.08336676581198578,0.415525489251943
1995-04-30,-0.0362016912354591,-0.0193614918995147,0.0266444531033933,-0.0519210731202167,-0.023210015918783033,32.8866394001628,0.07749235238993266,0.4470249654710172
1995-05-31,-0.0167641591141489,-0.0159324105791272,-0.0256157051222615,-0.0638389494714939,-0.030292959117613656,23.28827861641553,0.0730019827756993,0.47452157919892485
1995-06-30,0.0125489720483851,0.0129624210174454,0.0090542620333018,0.0356499406378982,0.01715519179890413,17.477385324258453,0.07198696370809277,0.4812123524454638
1995-07-31,0.0392987731143807,-0.0143064856342529,-0.0014567177337186,-0.0321904877332097,-0.016287658740843963,31.698259280643022,0.06846356638664798,0.505977383003135
1995-08-31,-0.0189180831058107,-0.0285787178280327,-0.0464571758592334,-0.0800992198041418,-0.03781449624905216,28.778935403492746,0.0733771077809232,0.47209568759241316
1995-09-30,0.0778167445597464,-0.0131072763935828,0.0229284919646219,0.0087703143715629,0.003948281633784026,27.249067391921017,0.07694805740258087,0.45018701343090267
1995-10-31,0.0110094628497579,0.0155844257141781,0.0272060168043672,-0.0342517727416841,-0.015575351978730046,9.661541289750021,0.07617909466048138,0.4547312659170771
1995-11-30,-0.0559540484135594,0.0143531007452546,-0.0336352262352964,-0.0158342329587167,-0.0080797278924067,22.68365891571403,0.06788767232904852,0.5102696110049861
1995-12-31,-0.0525510216273905,-0.0481329728071948,0.0644907696768897,0.0588505110925529,0.029154031373493757,21.94000786492619,0.06992657307515417,0.49539130301933754
1996-01-31,0.0078864666912403,0.0497617033913286,0.0045345390098392,-0.025405267779246,-0.013791290853098314,20.67054521320475,0.06381304700518439,0.5428516232513265
1996-02-29,-0.0296158505770743,-0.0483735381198742,-0.0195629040837852,0.0196197014746181,0.011006529884596371,18.957691189226246,0.06174937994023131,0.5609937490045634
1996-03-31,0.0291420577312573,-0.0095859730586091,-0.0103667342231335,-0.0448646844002688,-0.02760529490815174,19.764288925369698,0.05629928106572159,0.6153012169185424
1996-04-30,0.1195427462912694,0.0398507833261376,-0.0026562693362959,-0.0663410379616546,-0.03798276030414417,21.593256772371046,0.060504316935546344,0.5725379263149059
1996-05-31,-0.0754770319038118,0.0663412769400058,0.011944545141348,0.0518361656869088,0.029718223753119295,20.581521400747647,0.060422771821859435,0.5733106096739061
1996-06-30,-0.0956450263375606,0.0223688560448578,0.0133248516729489,0.0062103723263218,0.0035505111190228043,17.395980863298295,0.060592292447570806,0.5717066437344596
1996-07-31,0.0099518836089371,0.1134906630101035,0.0422402131661323,0.0910484195359609,0.054323338450882254,15.324230915351711,0.0580599400118679,0.59664230008327
1996-08-31,-0.0410188272621381,0.0660606179757308,0.0058802784713432,-0.0925124728127729,-0.057945691397205096,14.277039224800504,0.05530568343629629,0.6263554484645093
1996-09-30,0.0097559124603985,0.0863294902381965,0.023410359188817,0.0513834240625641,0.033919821874656635,20.46143713943538,0.0524759248277268,0.660131598730285
1996-10-31,-0.0349831900752899,0.0631044648705754,-0.0311843257121984,-0.0815778887786449,-0.055126883690650406,25.20391680946409,0.0512624834488078,0.6757576656614982
1996-11-30,-0.0396076249970749,0.0117179554258251,0.0093159107421076,-0.0553506151492203,-0.033232420902201354,32.05733908102001,0.05769671607781701,0.6003984023051907
1996-12-31,-0.0949524421053871,-0.0692597174161822,-0.0465785481326517,0.0024507075384788,0.0012323855799005218,41.14874428865101,0.06888671922759722,0.50286929817235
1997-01-31,0.0817669383799031,0.0397392562212024,0.0574873661550368,0.1185655216711196,0.05027465993101013,37.56589543166242,0.08169583159472274,0.42402427976037926
1997-02-28,-0.0155320563639083,0.0689944738448704,-0.001672051085259,0.02566730953352,0.009495810313613646,25.927563463813886,0.09363515642665664,0.36995736936170404
1997-03-31,0.0054335001071856,0.0433200988721409,0.03779020725498,-0.0594723059604523,-0.02149353954367464,37.576922210404724,0.09585117924153114,0.3614041728593363
1997-04-30,0.0388954077476142,0.0363897519589961,-0.0089058431509367,0.0147262917313559,0.0050585092951176466,23.178588910260785,0.10084664867734182,0.34350190716016005
1997-05-31,0.0715773899774692,-0.0733525182142322,0.0001610718713935,-0.3079864306521513,-0.11014425125878587,48.683270843731286,0.09686354754511314,0.35762696111500425
1997-06-30,-0.0113501001086951,0.0260959949111321,0.0437239141606569,-0.03646254342718,-0.012142297782491132,55.8643172651307,0.10402475531464919,0.33300742738204026
1997-07-31,-0.0261553092720148,0.0356709677415871,-0.0118729947324434,0.057312619825082,0.017105157989027314,20.095200941421652,0.11606834560148512,0.2984536048296557
1997-08-31,-0.0406289228518934,0.0237951414302464,0.0273389356862567,0.0788912681952171,0.023817655629787028,19.071942314096514,0.11474150681460711,0.30190483908624766
1997-09-30,-0.0656626247296237,0.0366651619700593,-0.0272415810279845,0.040072237475476,0.013132803586786148,21.586399035697852,0.1057004329986714,0.32772823316450334
1997-10-31,-0.2599703178311601,0.0493617976002578,-0.0429239386116262,-0.0952204946543837,-0.03175394861962692,34.42589011360049,0.10387793760004577,0.3334780893008631
1997-11-30,-0.1313005538149432,-0.0854334492546268,0.1610066662109317,0.2113534643546648,0.07467165442352221,31.56990606204132,0.09804923740986789,0.35330224962964574
1997-12-31,-0.0771363242042372,-0.2532672344900908,0.024522393511889,0.0534902262962746,0.024857917808873062,44.590136728695654,0.07454187463797445,0.4647188753920887
1998-01-31,0.4847244512469952,-0.1819827181426991,-0.014917552374899,0.0563503449806612,0.022182335630909936,41.03086311168875,0.0879994443818046,0.39365039625795833
1998-02-28,-0.011369532724759,-0.0333109365107439,0.0826936712377945,0.1319679131040313,0.04579855340290818,44.48001198033644,0.09981762020042427,0.34704309802038646
1998-03-31,-0.1278107562650895,0.1201202230307354,0.0287648744464883,-0.3544855137062931,-0.10851550164690146,46.7285367356242,0.11316114489970383,0.3061211176511189
1998-04-30,-0.1238435894467515,-0.0804899890195255,0.0528962700048061,0.256060296898135,0.06879387542030417,48.015053902577954,0.12893864208668832,0.26866279643373026
1998-05-31,-0.2000147598811815,0.0553215360346683,-0.0392133983579837,-0.0004045862355632,-9.76404626830247e-05,49.47941188602291,0.14353965493043983,0.24133411891065776
1998-06-30,-0.1004428254733316,-0.0220314926798902,-0.033878365280611,0.184132640278971,0.04459540647458083,69.44598657912009,0.1430313628722134,0.24219175050668015
1998-07-31,0.1362518493163373,-0.0366259771634377,-0.0912143762681663,-0.080714235649886,-0.017665794052914137,45.920574337562975,0.15827327842829486,0.21886838066017275
1998-08-31,-0.0952113045835267,0.191201814539849,0.1349800335369606,-0.1977238157393399,-0.042501739578479567,46.816721238502524,0.1611546718432812,0.21495508479620778
1998-09-30,0.0013944616677596,-0.0676273924536956,-0.0412699060993229,-0.1214557564389221,-0.026806140549945512,74.89249800259029,0.15695474000217574,0.22070704045572212
1998-10-31,0.2762404815800177,-0.1588002637424646,-0.0988014491383963,-0.9491569037823944,-0.20074170145497733,90.03800571005631,0.1637913766586847,0.2114947493454673
1998-11-30,0.1103495028666303,0.2767418641405974,-0.2082596314413866,-0.5670255105420828,-0.10419946225387171,74.24747664891294,0.18850711360750372,0.18376503405332828
1998-12-31,0.2666746617075408,0.0341367745079077,-0.0085138513695698,0.24987428674591,0.04306300572934304,79.58544595641051,0.20100545831339642,0.1723386839444291
1999-01-31,0.0156775361311669,0.1239334876197078,0.1054941920611329,-0.1763237281835837,-0.02851263444946918,77.65662976538479,0.21422198382627322,0.16170616821227013
1999-02-28,-0.0827358913917678,-0.0318362786867816,0.0340660424212075,0.0366319145676035,0.005641012102018816,48.79988848453367,0.22495373547206096,0.1539917355836926
1999-03-31,0.1871754854531053,-0.0536716180721065,-0.0678380195017763,-0.1273373597743232,-0.01922328314121574,48.68331081523243,0.22946629377572242,0.1509634185543401
1999-04-30,0.2266872362178325,-0.0746700487837195,-0.1129691189122381,0.317140651297229,0.05040571998469673,60.15416623035835,0.2179529312780593,0.158938060379575
1999-05-31,0.0027032922277305,0.1093244526464891,0.1475923033379393,-0.0727045191201772,-0.012399009639933843,45.19573808861461,0.20312577328826353,0.17053973796922933
1999-06-30,0.2045402599486665,-0.0501771504946743,0.0326556620712561,-0.200931731588501,-0.038387444441596134,60.16495938935728,0.18132176967058625,0.19104719865855666
1999-07-31,0.0948285726246254,-0.018870761518096,0.0727312718738601,-0.1886858642340616,-0.03803740821276105,42.286237392491174,0.17183794526452323,0.20159119161982525
1999-08-31,-0.0114814842492929,-0.0106656963963146,-0.0367978410878973,-0.0895127266787821,-0.02092628163972177,25.950771807277977,0.14817786857783885,0.23377995974601554
1999-09-30,-0.1077684112202053,0.0212113293944138,0.0684120835366988,-0.0580111805839874,-0.014271713692477227,40.24875509224791,0.1408076343788799,0.24601660488213872
1999-10-31,0.0053850076811121,0.0463513441493694,0.0227566498205198,0.0794447613978609,0.02002915083876203,47.49919008789066,0.137402093822153,0.25211417954238236
1999-11-30,0.1998191008751964,-0.1490280995125807,0.1267478821477865,0.52184115696113,0.13849883478112107,54.43559985928502,0.13052173309120257,0.26540419998232784
1999-12-31,0.144161931530897,-0.0173647930487572,0.2246146112418634,0.1917386019025974,0.04985874957964316,88.74898860575541,0.13321673851327986,0.26003501165076426
2000-01-31,-0.1316694322800502,-0.0263871208704942,-0.009701511585628,-0.2570923067918412,-0.05739793895020693,80.4564023259468,0.15516129873055268,0.22325809615407927
2000-02-29,-0.0258152707228023,0.3618423116829994,0.0050445901757771,0.3272387672580038,0.06463411398745737,84.88272288609608,0.175385453943736,0.19751362141178738
2000-03-31,0.0679759616216344,-0.024016502409733,-0.0590067438840752,-0.0570125480102471,-0.009990218590518924,44.64766225843314,0.19769062894464365,0.17522841793921123
2000-04-30,-0.1594821569780733,-0.0430047748525735,-0.0155276625346271,-0.1352757881100772,-0.023247841820569336,95.30774817396467,0.20157100160004224,0.1718551571228105
2000-05-31,-0.0048944442886602,-0.0216020056153605,0.0689895445161572,-0.0681947714519223,-0.010537215700031289,93.43155861193438,0.22418979041100262,0.15451647502712265
2000-06-30,0.0952467166789106,-0.0730729247097625,0.0768223662088489,-0.2020558325198793,-0.029087892878715292,95.34454055096822,0.24062998949377024,0.143959679440847
2000-07-31,-0.1342785167794896,0.0374037147291093,-0.0875977750626938,-0.1085361799845081,-0.015366623853577573,55.08830716633166,0.24467336479878948,0.1415806586870012
2000-08-31,-0.0237263465759316,0.0726584198231543,-0.0368280451940136,-0.0688993071434219,-0.010063622479032997,25.419878434847316,0.2371652967454459,0.14606275296911764
2000-09-30,-0.0965656907529068,0.0422087198324232,-0.0557471829009664,0.1796032561863917,0.029309405714776346,34.63674286721996,0.21227449505249274,0.16318972348897248
2000-10-31,-0.1336737106732763,0.0314129629137815,-0.035509843495681,0.1602985130697058,0.02677164085219595,39.284024532489674,0.20741737164885077,0.16701116148566084
2000-11-30,-0.0201130573105872,0.0368429397222092,0.0448502262455439,0.0750127888461466,0.014192164800249358,35.02773735733537,0.1830953393335442,0.18919660258676557
2000-12-31,-0.0340824925700741,-0.103117967573579,-0.0498253932838383,0.1806614793595709,0.041115191829054515,44.49333071089012,0.15221374256131184,0.22758139684676704
2001-01-31,0.2151208296451001,0.0299842183060212,0.129503870350208,-0.533615634416067,-0.15390525665825677,77.87247203991978,0.12010627974507758,0.28841969150074576
2001-02-28,-0.064982126135322,-0.0292483294589682,-0.2235654322536362,0.1196889038343993,0.030972295743555266,42.935982815001495,0.13386625535276417,0.2587733261088957
2001-03-31,-0.096305520646193,0.0803214191277754,0.0774945466687964,0.1093558606315802,0.027565039298074284,47.828131760201124,0.13742763409196404,0.252067325325534
2001-04-30,0.1085087927262296,-0.0374690972065331,0.0707377926235679,-0.0657768561097864,-0.015815179456157086,44.99739431055163,0.14407532593623926,0.24043684042545896
2001-05-31,0.0582534806700787,0.0360602626727388,-0.0170830276539859,0.0265399721510728,0.006303605316661948,35.58828291902072,0.1458485355217755,0.23751363719525018
2001-06-30,-0.0320207403220919,-0.0028172920377065,-0.0647483826905001,0.1710937803890744,0.04039505244380811,29.828376239423665,0.14672248335616803,0.23609889472281265
2001-07-31,-0.0917466362213847,-0.0109594623749642,0.0400554066203051,0.1471681959374488,0.035077204204542266,37.330331588312745,0.14533814675509668,0.2383477216738541
2001-08-31,-0.010592099945056,-0.0615614646359437,-0.0583416588875246,0.0360454967710068,0.010721288658489947,31.299800281804995,0.11646479034403144,0.29743767235616564
2001-09-30,-0.1232008767310124,-0.028264140694836,-0.0775945727502482,0.1268914799002379,0.03896276216301735,50.71506839386042,0.1128166885680554,0.3070557786358065
2001-10-31,0.1369605048326405,0.0523865338580786,0.0663237414888335,-0.0281598608690298,-0.008518881241939497,25.15697999318694,0.1145087209787792,0.3025185842202991
2001-11-30,0.1774738506112037,-0.0980927841049148,-0.0853021829456019,-0.14175213851724,-0.04600595086324602,36.94141368330473,0.10673484685632155,0.3245520762118925
2001-12-31,0.0636185879773432,-0.0684334635984845,0.0281593543570641,0.0582302998163852,0.01867143502996637,40.78851027421408,0.10803437192704035,0.3206481005394461
2002-01-31,0.0793854247097396,-0.0010683117619931,-0.0590929599511441,-0.028845361162378,-0.008855151637567726,34.33646952168337,0.11284195492249272,0.306987026015025
2002-02-28,0.0813796759413314,-0.0470317179369338,-0.0367702610198539,0.2064582401810317,0.0639097503101516,37.77770538089323,0.11190660576810411,0.30955291614475017
2002-03-31,0.1113514932147847,-0.0028228165690002,0.0270039112784621,0.0334415078919085,0.010252716295416076,24.62191476441181,0.11298935634529911,0.30658654294404053
2002-04-30,-0.0928090202140421,-0.0566254160699516,0.0101715170144804,0.0634427399104147,0.021948829517056394,27.753836111788623,0.10012930193915241,0.3459628248724689
2002-05-31,-0.0530426979852878,0.0346372978544506,0.0142381120552104,-0.0345170231344453,-0.011932447324629713,24.476052180629008,0.10020616252206227,0.3456974629055441
2002-06-30,-0.0753996537588922,-0.0238418354709814,0.0087107181527412,0.2245542334978236,0.08076277834479843,37.00589455467508,0.09631648376741746,0.3596582308281495
2002-07-31,-0.0341007985394581,0.0202531606167795,-0.0290139050756162,-0.3093123972025685,-0.11097397812782564,85.98907265604436,0.09655322741493058,0.3587763669722842
2002-08-31,0.0253102291030231,0.0079767047543768,-0.0182971563671567,-0.0065702825573039,-0.0017118949415836898,46.2009534531216,0.13295282242970036,0.26055119040210073
2002-09-30,-0.1335444906550197,-0.0489673219473695,-0.0294380700323242,0.1299407641873435,0.033037829350935397,28.497365072413274,0.13624624254585485,0.2542530018009033
2002-10-31,0.0221667217279641,-0.0100065411696244,0.007875845696748,0.0435550465641596,0.010993554041026542,27.091440071670387,0.137243248713968,0.25240597607517823
2002-11-30,0.0986606545971169,-0.0825063025627833,-0.0148499764700039,0.0336136474578527,0.008490847187261024,30.715316170751887,0.1371371877050353,0.25260118521524577
2002-12-31,-0.1366870797300561,0.0287710992817396,-0.0007163285994512,0.0507037031918061,0.012921900317634707,41.89623705201791,0.13592643171879185,0.2548512140967828
2003-01-31,-0.0536336057447737,0.0127073914645214,0.0054096109621524,0.0333308951926077,0.008438488149376267,30.112124705256832,0.13682736270623777,0.25317316263524176
2003-02-28,-0.0288183405064247,0.0010255630693507,-0.0554208389832305,0.024082296202581,0.007975143903429925,26.823139574157086,0.10460440862478748,0.33116210498960624
2003-03-31,-0.0712095925060757,-0.0659876602632946,-0.0028754800322562,0.1328103958220086,0.05168401329537313,44.24019265785662,0.08901566990257138,0.38915638324457386
2003-04-30,0.1199596040731538,-0.0048253277424779,0.0180599970784975,-0.064350832209636,-0.02285688039579326,43.43372514863459,0.09752766691376048,0.35519168301246357
2003-05-31,0.0630625774888575,0.0046479164393848,-0.0114663653409361,-0.0239704034579246,-0.007867623156478154,37.76130667265307,0.10554129459763072,0.3282223918461883
2003-06-30,0.0573923328511172,-0.0218411338307149,0.0317348840158342,-0.1153473820301134,-0.0361188965403834,40.72628508099993,0.11062770202452755,0.31313148079038283
2003-07-31,0.0558815389901015,-0.0520130692846834,0.0306613333780447,0.022648672846577,0.0071869635819982475,25.91945240812684,0.1091661357309117,0.3173238286712436
2003-08-31,0.0576495549502975,-0.0504482389915379,-0.018898276071759,0.088000398203563,0.028099842728413052,29.502478781258866,0.1084854191164166,0.3193149497279813
2003-09-30,-0.0829460912117723,-0.0030540988057512,-0.0310822600046916,-0.000530254142852,-0.00016914983191058047,36.12100993717719,0.10859332296931488,0.31899766214140096
2003-10-31,0.1130208213269767,-0.1063156668544407,-0.0005816630579167,0.2368344870393923,0.07863199301094384,30.215047304834997,0.10433650447589396,0.3320124277249584
2003-11-30,0.0152721114819287,-0.0206018768080757,-0.0089755707083744,0.0618399217245559,0.021338357728469655,29.306233386242308,0.10039187431946284,0.3450579679501186
2003-12-31,0.0142268981372788,-0.0026550026913251,0.0330027161003045,-0.0179456599602041,-0.006579415138206971,68.4460278045003,0.09448497829519446,0.3666298789120789
2004-01-31,0.0448133296612303,-0.0689124394848235,0.0228948961134898,0.1804422756305024,0.05487190911303578,41.24733413238126,0.11391445797213186,0.3040967474019159
2004-02-29,0.0336256167602941,-0.069981486337839,-0.0347560165106198,0.0832878316448588,0.024813088860060173,29.154058859105795,0.11627633856850543,0.2979197365332279
2004-03-31,-0.0013693558927275,-0.0040713941591274,0.0031908328695409,0.1999416926001723,0.05917937659669631,38.15384711527132,0.11703711328184195,0.2959831730295421
2004-04-30,-0.0143931246806694,0.0385801479785161,-0.0375852943928856,-0.4661810585587574,-0.1385753599243802,92.23766694768373,0.11653576500044893,0.2972565216459007
2004-05-31,-0.0707338957467921,0.002383446595918,-0.0217105228446944,-0.1452269063924955,-0.032351562377914485,80.03266827106914,0.15550431695352754,0.22276562368188152
2004-06-30,-0.0239470497866376,-0.0233140154647498,-0.0122043767205506,0.0553985862337981,0.010836181258835665,30.672762712133526,0.17709775008827075,0.1956039313549237
2004-07-31,-0.0686449568751916,-0.0068157472881326,-0.0723091958332334,0.0052439450711222,0.0011004107998373782,17.539815915816888,0.16507979195817268,0.20984407443495423
2004-08-31,0.0922447074182235,-0.0405760905993486,0.0114646740084911,-0.1096819583040669,-0.0240591252420192,19.794537451242515,0.15792321835916515,0.21935353465627455
2004-09-30,0.0377805708646228,-0.0018078811800571,-0.0020390899019635,0.152756210879094,0.03396999707977869,57.95419299400584,0.15577364801823537,0.22238046416761298
2004-10-31,-0.0009458154301874,0.0003825217574815,0.0013816190233328,0.0248769563863,0.005237448924991467,75.3572186955091,0.16453870201251408,0.21053415231598765
2004-11-30,0.0494632619154895,-0.0192467798526621,-0.033781905467244,0.0503576671571921,0.011349248467231652,26.691921414433196,0.15370539876491895,0.2253728003683099
2004-12-31,0.0203589605853138,0.0386988839388078,0.0683821988689898,-0.0689299279103022,-0.019074853611487634,82.68314709386426,0.12518065903352665,0.27672818164425683
2005-01-31,0.0541908827898856,0.1867290916900006,0.1110434105983642,0.5039300660948632,0.112457066878306,81.5763407271747,0.15522945816866632,0.22316006613730469
2005-02-28,0.0825693355732546,0.0430612827359484,-0.0745439770527119,0.1278221128530516,0.02440245036379905,49.9270942959104,0.1814525922533796,0.19090945861498074
2005-03-31,-0.0484960285430767,-0.0238426371892362,-0.0512292025727945,0.0239670943494006,0.004383127117798243,22.615394959839467,0.1894183034500329,0.18288103905711298
2005-04-30,-0.0576203641679894,0.0199375388652369,-0.0256993514451649,-0.0001187482584911,-2.2946087607694398e-05,21.842343552927396,0.17927066307193784,0.19323304526115787
2005-05-31,0.0684421567249715,0.0299316318977913,0.0493414192774219,-0.0594259707238955,-0.01315744598781694,21.154917741017396,0.1564571128442313,0.2214090207957892
2005-06-30,0.0416171835295657,0.0375487844680855,-0.059793389117444,0.1584174073848041,0.03533829609864574,20.908722173090872,0.15529158374126192,0.2230707892650155
2005-07-31,0.1016263644305852,0.0720044010422966,0.0461210680613133,-0.0245145294202706,-0.006670592055139447,14.957066081636622,0.12730627245249243,0.2721076933919711
2005-08-31,-0.0297218922005501,-0.0205809748820294,-0.0052879243063261,0.0243351500246313,0.010582928023076005,18.840417915042586,0.07965605768189153,0.4348823825768194
2005-09-30,0.1292620345723463,0.0170905702903749,0.0027197922489987,0.1017960441045524,0.060890096272691825,18.40380838127185,0.057912840081247086,0.5981577850918548
2005-10-31,-0.0438610793843579,0.0737843441521808,-0.074922018950705,-0.0153723902189132,-0.009542795779577947,13.619128476722716,0.05580285171755003,0.620775015705567
2005-11-30,0.1285439965058021,0.0795137744561995,0.0272319656763719,0.0814138288491603,0.053730078240952224,19.183101445148726,0.05248936633707883,0.6599625518227471
2005-12-31,0.0558761421807103,-0.0456913710517645,0.0418397526958445,-0.0473342233263206,-0.03218143898859826,23.794331276975576,0.0509519041501197,0.6798767725994037
2006-01-31,0.0118677371190099,-0.0263853836260047,0.033329994962874,-0.0567090924348746,-0.03702311763804463,44.82748551663908,0.05306037719923917,0.6528603447597477
2006-02-28,-0.0206333662542642,0.0044266411539699,-0.0122761837412788,-0.0149147185624909,-0.007094564387341415,22.899856723432656,0.07282490910060074,0.47567537782332486
2006-03-31,-0.0108864065799877,0.0066549475496064,-0.0011548528591116,-0.0070077424898299,-0.0032815594092203736,16.037010519293837,0.07397559833681804,0.46827625501119513
2006-04-30,0.0427272007847467,-0.0141770574432107,-0.0066934324607214,0.0112995031189537,0.005348146254147025,15.009240067420157,0.07318914843488038,0.4733080913244836
2006-05-31,-0.0737456413655973,-0.007021108305109,-0.0229096479350573,-0.0364442828839156,-0.017235737943696098,20.659904657968873,0.07324705191800823,0.4729339303669755
2006-06-30,-0.0205135656431667,-0.0060526696856071,-0.0038891176205693,0.0087100791344463,0.004072815445869781,28.8523997214044,0.07408290308909271,0.4675979842436517
2006-07-31,-0.0035300218077158,-0.0172691244932581,0.0169012897874736,0.0541688682574172,0.02440063182735319,11.112613967702199,0.07690229718164546,0.4504548943389098
2006-08-31,0.0425834167149967,0.0147120968959895,0.0167104060978997,-0.0215030532069604,-0.012698444997276131,19.866890889817785,0.058659750355734695,0.5905414861348958
2006-09-30,0.0164424419188533,0.0181329919053665,-0.0220454811801905,-0.0909518755628256,-0.05632762997084083,23.848729737981245,0.05593463442365549,0.6193124619176452
2006-10-31,-0.0082701985123964,-0.0127729769551694,-0.0286355154391106,0.024430605566787,0.014138885298449677,17.961895578498993,0.059856274675330966,0.5787365875887766
2006-11-30,0.0509718114545783,0.041016857508441,-0.0104729323086711,-0.0281219478845276,-0.016005961431603842,8.542181523363562,0.06086312621949779,0.5691626162357748
2006-12-31,-0.0020209662742817,-0.0143234923218235,0.0076346022791931,0.0737716361335787,0.0448622679064599,17.899688030527912,0.05696378177191678,0.6081235317219689
2007-01-31,-0.0517466928730937,0.0411686027950128,0.011198491813297,0.0196590987373814,0.013379474851075475,16.806116381845314,0.050899692586096806,0.6805741722856633
2007-02-28,0.0410208015406232,-0.0053061759994548,-0.0040805680587447,0.0784510070277972,0.05065459494529907,17.92210786094585,0.05365007072855808,0.6456844451639844
2007-03-31,0.0298993744344324,0.0538404984036595,-0.0152990608021243,-0.0029965986781732,-0.0019635221168737924,18.014022469679162,0.05286684693680312,0.6552502779821032
2007-04-30,0.058583967006611,0.0376975063943427,-0.0208175511752504,0.1238232510349472,0.08691361508558611,28.376051832188693,0.04935202884834366,0.7019167592446437
2007-05-31,0.1021705263609054,0.0386750603254162,-0.0204096659387494,0.1571128394159751,0.09747397525185841,35.690802010421116,0.055835913060227976,0.6204074448287729
2007-06-30,0.0275443316058094,0.006715212733235,-0.0095769469058395,-0.0259127083777386,-0.013024258155197817,36.14742606778023,0.0689208198073793,0.5026204889638959
2007-07-31,0.1021483797238897,-0.0309747263812734,-0.0269422977442016,0.1180919913989504,0.05353682513344454,25.285286581984167,0.07641145270013094,0.45334848281608686
2007-08-31,-0.0323344456197884,0.0074660197921421,-0.0125877037084497,0.1077651419607524,0.04749655279747422,32.139684290088084,0.0785971571270839,0.4407413374426052
2007-09-30,0.0377301165870547,-0.0131471442271885,-0.0027518307562807,0.1012363356488533,0.04144599889024246,35.410229281230684,0.0846144291902646,0.40939844992020824
2007-10-31,0.0557324894378319,-0.109240259200655,0.009893943276205,0.1776977104798565,0.06903223452728244,33.434025950889264,0.08917036078794081,0.38848128285315087
2007-11-30,-0.0770209583977147,-0.0147337462512769,-0.0570478825807138,-0.0656590343523364,-0.02468123241377318,45.51223838166789,0.09215486614898018,0.3759000213333921
2007-12-31,-0.0093444402106557,-0.0164329879414978,0.0423426106970423,-0.0505822890397853,-0.017609528537273506,35.463961445712975,0.09950419103452883,0.34813625226455847
2008-01-31,-0.1411698652757681,0.0503819084433776,-0.0331202037269793,-0.1050783135307431,-0.03713489753099115,37.45655629947655,0.09802153225655694,0.35340210822974877
2008-02-29,0.0541233364659821,0.0541633314681426,0.0338685395056035,0.1754499612382973,0.05830819290721966,42.97072961993188,0.10423517927721401,0.33233517121172285
2008-03-31,-0.0046831824781873,-0.0296716721659964,0.0062378216517458,0.0209083819242983,0.006663593898149797,21.419802053601877,0.10869323776466816,0.3187044278355094
2008-04-30,0.0655398062281105,-0.0576338163191894,0.0172774444299936,0.0359957237657937,0.011969247724882124,19.83842118040353,0.104177679083308,0.3325186014527746
2008-05-31,0.0138291764171569,0.0019414756715501,-0.0017862332145368,0.027208190788345,0.009638879637528382,20.504172802913164,0.0977830839259762,0.35426389474074577
2008-06-30,-0.0961663542698252,0.0431185911260596,-0.0284756285291207,0.0237114141530413,0.008872094317011347,15.438029410794893,0.09258101315183023,0.3741697673427624
2008-07-31,-0.0530473850376282,-0.0224973795872648,-0.0133891153246979,0.0079743162332561,0.003494262568401012,19.300701064670946,0.0790548540714914,0.4381896160361103
2008-08-31,-0.0790725841517749,-0.0418310314735196,-0.072496024962625,0.1304063405740733,0.06184341711230315,18.325335183150752,0.07304590142335164,0.47423627440243143
2008-09-30,-0.021716079204206,-0.0203035910543325,0.0409927090017623,-0.0323044425261144,-0.020199826791197903,35.85274337002568,0.055399421335434795,0.625295631548778
2008-10-31,-0.2360870965824512,-0.0942742597757713,-0.0490847902338409,0.163684655762282,0.08778100881349431,61.61926969804964,0.06459486944426893,0.5362812317666356
2008-11-30,-0.0306290188766792,0.0205724494922237,-0.0214846204236009,-0.0899632148302914,-0.032867131333272834,56.437829554093156,0.0948186547333715,0.36533967127869
2008-12-31,0.0440531832216302,0.071958422374454,0.1023520118993861,-0.0851220360239366,-0.026245093191754835,31.053851746708812,0.11235295692033198,0.3083231372000386
2009-01-31,0.0397125285490405,0.0057204863981861,0.0007220535831671,-0.0449525085824888,-0.013337068201176439,34.97127194473195,0.11675733769686913,0.2966924120975949
2009-02-28,-0.0777918194365532,0.070522880202982,0.0033491737606894,-0.109105706487127,-0.031094984752083187,37.02451296153655,0.12154797858117032,0.28499870220584633
2009-03-31,0.1371765932362119,0.0219010460586843,0.0511494290717344,0.0150860612975929,0.004111255811183681,25.44517224395741,0.12711359182490894,0.2725201581833467
2009-04-30,0.1396893268706904,0.1051856706841718,0.0345931546812572,-0.2690218316706996,-0.07553482290643616,43.42881663708909,0.12337607023347913,0.2807758107858538
2009-05-31,0.025329798658515,0.0346675969776555,-0.024047191219659,-0.0560654285141297,-0.01715409198960883,29.829428047534734,0.11321866618579081,0.305965591349857
2009-06-30,-0.0113873220523503,-0.0557092599396147,-0.0156498093451032,0.0504163882059134,0.018067875512625467,15.45824176912557,0.09666188572722703,0.3583730639099265
2009-07-31,0.1130457750305118,-0.0522981034663501,-0.013964196631013,0.0206434393331882,0.00777207822090326,12.204991775775355,0.09201010270813331,0.37649144095907444
2009-08-31,0.0231874148563799,0.0265178340586023,0.0382167889315374,0.1451035444490226,0.060358224240308136,23.796714174746903,0.0832783649642881,0.4159665738662437
2009-09-30,0.0438327498873409,-0.0433962768845397,0.0207953641968001,0.0925610845750594,0.04181235657859686,17.62480292305589,0.0766857046128553,0.45172716774607896
2009-10-31,-0.053143865054662,0.0267545322122069,-0.0107645505006916,-0.0247176072134251,-0.011757373554064483,21.81557991336177,0.07282604629055651,0.475667950078865
2009-11-30,-0.0179828202437875,-0.0057633349994413,-0.0142851890615296,-0.0134041522744056,-0.007864963970743332,20.227813816463108,0.05903821774142513,0.586755791021637
2009-12-31,0.0836516447604918,0.0157023569457244,0.0453541426426729,0.012625291669003,0.007795718269711588,26.635013913833472,0.056101685244452235,0.6174683701645686
2010-01-31,-0.0462426838759192,0.0087804671238729,0.0157073028037195,-0.1045009485297504,-0.058964099437222715,42.4658524250143,0.061393612052151866,0.5642446338220194
2010-02-28,-0.0030947791679097,0.0492622468149024,0.0126272513605028,-0.0269524375640837,-0.012082463235680848,21.215361193808945,0.07727396365827274,0.4482883303950848
2010-03-31,0.0578961636934791,0.0028476268700636,-0.0077124672967073,0.0983945284458422,0.044975843266695216,14.768237600637685,0.07578482584280069,0.4570969948948999
2010-04-30,0.0276226689105176,0.0397504446183791,0.0223679466443451,0.0728138769159545,0.03408345022310541,18.946206797981247,0.07400502794696766,0.4680900353986956
2010-05-31,-0.0569854499046136,0.0229151298194734,-0.0074609229741572,0.137136100758953,0.06440505824697222,30.31491165624448,0.07376026061665986,0.4696433535045476
2010-06-30,0.0316304457739065,-0.0240125453605086,-0.0132302186267387,0.030257249783778,0.013301129421141174,24.37114915343526,0.07880096834409968,0.43960140185220625
2010-07-31,0.0310853295488833,-0.0259170895412774,-0.0105629402222946,-0.0418025433430164,-0.018298772237082775,23.45097324410044,0.0791355048498569,0.43774303603801656
2010-08-31,-0.0113214035814069,-0.0100789569644973,-0.0132151508657196,0.0573381799227847,0.030170801077111457,28.969458251979706,0.06583361216426606,0.5261904217703005
2010-09-30,0.072897459954224,-0.0598131214023356,-0.042591376337538,0.0481840625332015,0.02335042998493673,13.125623918221132,0.07148240480061299,0.4846089922128709
2010-10-31,0.01169646314885,0.0592951100747314,-0.0338710115445709,-0.0205068881587648,-0.009973070009236681,21.45753052791409,0.07122976608650473,0.4863278100521612
2010-11-30,0.0066106426046201,-0.0673603858415454,-0.0066475500551245,0.0213827555728193,0.01030883628869547,24.65509799668396,0.07185295802701372,0.48210981290921895
2010-12-31,0.0721476503948517,-0.0369197014119029,0.0018575458198084,0.1550724560407241,0.07781095845599563,23.851155666070742,0.06903741530672002,0.5017716262619936
2011-01-31,0.0103371967179874,-0.0117236030910251,-0.0087385929872977,0.1198101277611027,0.05932018945943833,19.618884737660217,0.06996512669112205,0.4951183223652074
2011-02-28,-0.0605066797521071,0.0292304576915483,0.0003802916382065,0.0151661388313811,0.0077304082435605175,26.39589202830183,0.06796154144246444,0.5097149860955447
2011-03-31,0.0815660799976185,-0.0454053026177346,-0.0044359749132034,0.2152477553164791,0.11226207058690409,35.8966250822447,0.06641959238310842,0.5215481593378059
2011-04-30,0.0353386040917007,-0.0385556848510136,-0.0190691661495714,0.149349079313891,0.06755460380736855,32.41915356000795,0.07658403094862871,0.4523268848908483
2011-05-31,-0.0255857237024071,-0.002874871601031,-0.004310849905683,-0.0036291859035499,-0.0015382334434707074,40.996918468637816,0.08172926419904473,0.42385082614976527
2011-06-30,-0.0182349014085952,0.0285996304870486,-0.0114092599458875,-0.0602947306903002,-0.0234099230034984,23.290636084658797,0.08922159801095952,0.38825818998581957
2011-07-31,0.0226836972465143,0.0843479007674998,0.0262399126169368,-0.1531203707792228,-0.06037839133135478,23.32107784211513,0.0878500589417568,0.3943197826918248
2011-08-31,-0.114205976780347,0.0139041351024391,-0.0556948270385965,-0.0009056292044478,-0.0003507331832817637,49.19568986909633,0.08944667169753541,0.3872812201276354
2011-09-30,-0.0598584155164483,-0.047645514519249,-0.0078011352160194,0.0643615867702289,0.021866540910227907,23.586490636808985,0.10196174950528786,0.33974521150778236
2011-10-31,0.0802252109585104,0.0060735948562311,0.0390619291726448,-0.1019389409082862,-0.03654399088703349,31.447798994420207,0.09663062004843116,0.35848901863628224
2011-11-30,-0.0292707041344675,0.035939572934974,-0.0124265763624151,-0.007384385467508,-0.0026393080608855227,26.057315958514067,0.09692033303687826,0.3574174279631975
2011-12-31,-0.0083987874376882,0.0570938511035445,0.0142047748584335,-0.1225487435153146,-0.047765611130743534,22.156201147281323,0.08887592774276633,0.3897682649416507
2012-01-31,0.0657309126532987,0.0081371071521523,0.042841122038757,-0.1918695675733773,-0.07512596361887931,20.763212817346634,0.08847216686611517,0.3915470523492406
2012-02-29,0.0394395220762253,0.0723886626589211,0.018752625993414,-0.0924406850101106,-0.036572796785891766,29.214852124991104,0.08755795410524725,0.3956352852847386
2012-03-31,-0.0088900607118305,-0.0129766359315034,-0.0062165737628662,0.0660590196413427,0.030784983659001137,15.883401856731796,0.07433336953131155,0.4660224118696202
2012-04-30,-0.0208857122055942,-0.0203423932589612,0.0062926163558481,0.1106341820750129,0.05341393026212725,15.544572109226888,0.07175058022031301,0.48279771459702386
2012-05-31,-0.0658066806329205,0.029714955798723,-0.0137129145039797,0.0651139574713974,0.03516671575799336,20.994588752763246,0.06414058304361529,0.5400795332312744
2012-06-30,0.0090769626591129,0.0196726265862281,-0.0002581597968743,0.0212641221903895,0.011849723055416126,22.539706019519137,0.06216270176082025,0.5572636833685854
2012-07-31,0.0108526729186371,-0.0355054145931811,-0.0055320511072777,-0.0098574655845111,-0.005584879362376099,19.912065126550306,0.061142345674485093,0.566563414753539
2012-08-31,0.0172221620717791,0.0369770456286262,-0.0229612191047824,0.1158435928743539,0.0663920929872162,21.835516447182144,0.060443037585315926,0.5731183860917218
2012-09-30,0.0467282531343118,0.0190573203133628,0.0213132699128044,0.0661423004974679,0.040883446566266475,17.659241818745226,0.05604313462438328,0.6181134653432806
2012-10-31,-0.0403057059895182,0.0243580674107701,-0.0542079759035655,0.0959206790565355,0.05870988234507791,22.45766791102898,0.05659677144161612,0.6120670008025527
2012-11-30,0.0091461484774684,-0.0359532083107855,0.0203125079713091,0.0295415845582891,0.017131977302447542,25.76830800780551,0.05973335650373401,0.5799275007961773
2012-12-31,0.0292360797396817,-0.0343742124253119,0.0019143156400132,-0.121581157609227,-0.06651021972661172,31.77428518667238,0.06332402541679245,0.547043810360662
2013-01-31,-0.0143841339397849,0.0308664907826452,-0.0304050720831104,-0.0302555559722826,-0.01518035639645364,15.234403583740837,0.06904206829752672,0.5017378100855429
2013-02-28,0.0356945808129107,0.0245977212774326,0.0160708400562559,0.0596743370381431,0.030337167513142888,16.55759005804319,0.06814016741231704,0.5083787942839104
2013-03-31,-0.005649644014848,0.0676004840392101,0.0097784941587333,0.0340126273833842,0.017608825685052468,13.58329610125962,0.06691144518164885,0.517714361980007
2013-04-30,-0.0157995464241641,0.0719416152996621,-0.0198435436993114,0.205682362395642,0.1104712344068205,32.068150702253035,0.06449684459542007,0.5370962931392369
2013-05-31,0.0229763974831345,0.0083684447404592,-0.0223599499891945,-0.1159344193186072,-0.058031458343537554,24.91067266015068,0.06920532770935757,0.5005541812743064
2013-06-30,-0.0724290842181626,-0.0347381031590369,-0.0224101695033438,-0.072135586092502,-0.036407189899278825,31.60677167191149,0.06863616801605843,0.504704985034607
2013-07-31,0.0296477214286488,0.0208259961363772,-0.0175885622849132,-0.1060546675341738,-0.053632331185860395,17.74967651540851,0.06850049904131075,0.5057045807868715
2013-08-31,0.0014702124145677,-0.0200148403542028,-0.0148887905780187,-0.0753661224405056,-0.037783436020175344,18.172735172462634,0.06909797889567737,0.501331829165044
2013-09-30,0.0351135150280268,-0.0119242461443433,0.012915401850835,0.0005095517994444,0.00025339549377273994,14.691082153144913,0.06965945546903753,0.49729094087987674
2013-10-31,0.0169201375509873,-0.0179029225678779,0.034027850566239,0.0958913886883485,0.047366407479729394,15.766105529638963,0.07012934526969702,0.4939589271532237
2013-11-30,0.0037439265510175,-0.0264919629447828,-0.0253971513580504,0.0340562381814946,0.018869971618155484,9.771604519808768,0.06251957982624849,0.5540826769413718
2013-12-31,-0.0171532420153989,-0.0150585867945108,-0.0153506602999418,-0.0034844743983637,-0.0021427261479682914,15.256474876687756,0.05633278616925934,0.6149352536424173
2014-01-31,-0.0289382919310521,0.048726044264391,-0.0066511509431352,-0.0451892942388251,-0.034785080256489874,17.263860807658865,0.04500214057446179,0.769763742550414
2014-02-28,0.0235950973379717,0.0356808415838529,0.0137216469177425,0.0618679849593832,0.04818932810795967,17.671100793560885,0.04447395202169624,0.7789057319322156
2014-03-31,0.0048518918209059,0.0379324417292237,0.0171716884561068,-0.0011387883830784,-0.0008984975061684507,14.827263510254799,0.043905282430270975,0.7889942675210744
2014-04-30,-0.0052188913276668,0.0677515956993486,0.0034863005887875,0.0311691792833328,0.024073636652900753,24.12806946039958,0.044851222876997755,0.7723538831121463
2014-05-31,0.0149822361704776,0.0086969816252899,0.0159774962543386,0.1347688096789666,0.0933335416196346,16.372501297552528,0.050019836725116715,0.6925455663069583
2014-06-30,0.0014418281060657,-0.012903778581086,-0.0259552906883487,0.016593507068628,0.0111980837924029,24.005472976663157,0.05133163468220443,0.6748473210689867
2014-07-31,0.0335989856570235,-0.0242856730584036,-0.0457105101015118,-0.0083467538308519,-0.005079278826566793,17.069272256275813,0.056925410897662766,0.6085334406044636
2014-08-31,0.0043140271890784,0.0375193099664521,-0.0149693923568924,0.0219704866115397,0.013277342676432923,15.21457929701019,0.05732170963056306,0.6043262905910868
2014-09-30,-0.021659856319129,0.0214541411383026,-0.0198155190889501,0.0950000731303454,0.05941697495066949,21.396344173488604,0.05538651320472959,0.6254413601255452
2014-10-31,-0.0230178372134626,-0.0055317186218735,-0.0046069344782997,0.0820353403416986,0.04907197567393591,41.012387214775224,0.05791059990417141,0.5981809238498716
2014-11-30,0.006723783666563,-0.026697985624985,0.0109183200121643,-0.12143758720043,-0.0600906759432534,58.166342317798744,0.07000622565083192,0.4948276503886321
2014-12-31,-0.0300019748246453,0.043342795734228,0.033690090502048,-0.0193094112573681,-0.006982656373270039,23.694105373205474,0.09579414931553179,0.3616193306052038
2015-01-31,0.024791801765031,0.0315595712747112,0.0185646393234153,0.1136958724517456,0.04132809086157618,33.56179930473697,0.09529935866472956,0.36349684443572483
2015-02-28,0.022590563368035,0.0542911162084134,-0.0276478906048095,-0.0615192875720671,-0.020928422222196614,27.234041513953507,0.10182758221233652,0.34019285736493454
2015-03-31,0.029678878275464,0.052406379845503,0.0094387725273785,0.0799267428298589,0.026636475693100785,24.893547725939065,0.10394556776943598,0.33326111824426774
2015-04-30,0.0439812423628229,-0.0166395284690095,-0.0460549783833922,0.0481892498438301,0.01563620157364228,22.983423380505634,0.106760236768554,0.32447489065124463
2015-05-31,-0.0008100899566509,0.037679248454375,0.0084251994629476,0.1196856917031736,0.0405773065166976,34.03514520107071,0.10217617518975373,0.33903222631934415
2015-06-30,-0.0125776012871138,0.0162971746741589,-0.0350788607355411,0.1861685422648928,0.07122158748736117,25.36212973324135,0.09054933633178286,0.38256510268003513
2015-07-31,-0.0218367526903008,0.0164724971580398,0.0183875674990012,0.0517337104292384,0.02152587854220136,45.142224350683115,0.08325366581607893,0.4160899800845438
2015-08-31,-0.0450409113188171,-0.0173926339952917,-0.0238344994574376,0.0066620109605467,0.0025164295268393696,37.695793263408376,0.09170883858401162,0.37772821776217336
2015-09-30,0.0097004524700692,0.0246747983059691,-0.0034950142098023,-0.1330324486992253,-0.048136788864073035,40.87717011857184,0.09573507732433391,0.3618424627581358
2015-10-31,0.0343417517493815,-0.0255244335642605,-0.0102127035717464,-0.0353469628701017,-0.011882927168267002,30.039699478889048,0.10304318913568744,0.33617958102754564
2015-11-30,-0.0157755730150649,0.0006929623437279,0.0101942186389945,0.0721424161531902,0.023739064144924667,34.790841129458435,0.10527317285573612,0.32905834612630874
2015-12-31,-0.0142100821327557,0.0284862441737858,0.0218331690977979,-0.0405873910323636,-0.013308676524128489,29.934462485414336,0.1056444993418648,0.3279017494254905
2016-01-31,-0.0226937244685984,-0.0170250180094112,0.0174108609879797,0.0740685471128627,0.023913909608307325,25.33408124440706,0.10729361191339548,0.32286186972006164
2016-02-29,-0.0046470942364975,0.0019516363809528,-0.031384942076007,-0.1515127542784141,-0.05400731361222365,39.891928307053256,0.09718231508019903,0.3564539095697637
2016-03-31,0.0438926117096751,0.0153469225549314,-0.0305122041001082,-0.0556525560007705,-0.019648432432809518,19.290164389471613,0.09811780649070692,0.3530553463265459
2016-04-30,0.0008031053677473,0.0271232740331357,0.0214529293145051,-0.0520686186572305,-0.020259651109895478,23.61828031130045,0.08902966048630763,0.3890952291871896
2016-05-31,-0.0047224172428902,-0.0017806347690881,0.0083631253307907,0.0733367561870577,0.029822121210349713,22.031862571457708,0.08518709107398575,0.4066463089025016
2016-06-30,-0.0087866469790555,0.0041113507042647,-0.0085535547005702,-0.047150145257483,-0.02074483050082671,18.849701515387,0.07873426313795023,0.4399738407493959
2016-07-31,0.0266791670354922,0.052315605887002,-0.010468647282456,-0.010272849052795,-0.004526457696629273,8.919925371121815,0.07861819413965486,0.44062340187873494
2016-08-31,-0.0003828992474044,-0.0207347249339611,-0.0160503757999881,0.0022549393068556,0.0011290743958985584,10.303322194477436,0.06918356242326747,0.5007116566134971
2016-09-30,0.0068233878420307,0.0451824193071876,0.0116864547557309,0.0421467637483106,0.027957855865128993,14.680888956004159,0.052221698644442344,0.6633452578253923
2016-10-31,-0.0260880725865167,-0.0489281740582087,-0.0650011317889762,-0.0648463033253282,-0.04481304766287936,13.68090196562665,0.05012695984769111,0.6910655714336751
2016-11-30,-0.0162220221831604,0.0085651447155457,-0.0332849536599022,-0.0064871316125071,-0.005000274240979028,13.323681300076354,0.044941701221765606,0.7707989508550388
2016-12-31,0.0267860999947311,0.0260350451146262,0.017380779826092,0.0268108040023407,0.023504146809833815,10.129551299805213,0.03951445257685015,0.8766669887177497
2017-01-31,0.014582572180285,-0.0213815346759064,0.0014577412245582,0.0190700415043822,0.018449497663126285,23.721419932675726,0.035806157317824966,0.9674597540276294
2017-02-28,0.0082958477307477,-0.0375815271330776,-0.017796608227277,-0.149293427280475,-0.11924770218256762,26.29012395205291,0.043369188093868964,0.7987471676066422
2017-03-31,0.0307412393852597,0.0026206230546095,0.0012738577022888,0.08587129862578,0.05822175447196766,18.564466495079497,0.05109205432941116,0.6780118084121826
2017-04-30,0.0215097193879911,-0.0363162403205543,-0.00498515256421,0.0171980621458851,0.010663129635556785,22.975743702982438,0.05587087177308732,0.6200192524660753
2017-05-31,0.0608271122351076,-0.0313064072956351,0.0186341523913879,-0.0446702649765777,-0.026246292813152952,24.841923447652402,0.058957788117203126,0.5875562373967307
2017-06-30,0.0205786791234416,-0.0016192527408558,-0.0458364339829465,0.0802395678274175,0.04393352350798304,21.74542882078875,0.06326786342515991,0.5475294134494473
2017-07-31,0.0007158401629834,-0.0372711426055006,-0.0440071886571169,0.0574532573382479,0.029624752394673933,16.403123084712547,0.06718163206526276,0.5156322507575577
2017-08-31,-0.012961496398801,0.0110537316341949,0.0159541671335077,-0.0332546884162164,-0.017741061972901418,18.606946374826336,0.06493276447006194,0.5334905487868027
2017-09-30,0.0120185472558937,-0.0590471698629793,-0.0250180686275458,0.1179693845427835,0.06711810870373242,27.555801079482293,0.060886390189468766,0.5689451459280179
2017-10-31,0.0550130836496121,-0.0428554928132095,0.0325995625396673,-0.0486209347351598,-0.026371608408840275,26.32335107093554,0.06386711645889377,0.54239204886717
2017-11-30,-0.0026195359481451,0.0438904179403425,-0.0001597567259545,-0.0884078857500934,-0.04759616499693815,24.512181167900096,0.06434423862458537,0.538370130595368
2017-12-31,0.0011075946821323,-0.0219379029517905,0.0163685150357013,0.0226954243978452,0.011949443112399072,28.402363786841995,0.06579323870853433,0.5265133140023415
2018-01-31,0.0549099113782023,0.0697595702739071,0.0333400616967929,-0.0471324442715985,-0.024139017259759137,25.974301814920427,0.06763803785782774,0.5121528839170568
2018-02-28,-0.0545898703263092,0.0283386741097069,0.0116093655329574,-0.0010709892832018,-0.0005181832602059393,20.82483293788793,0.07159659507835367,0.4838360834543488
2018-03-31,0.0090197991595997,0.0099761437768408,0.050599272170936,0.0298972600100705,0.014302570037130799,24.847202247762716,0.07241156408967668,0.4783906629675484
2018-04-30,0.0261070182818659,0.0135690831428569,-0.0286472552613809,-0.0512984312615825,-0.02396978257813708,28.770700798475573,0.07413624967519085,0.46726151246048137
2018-05-31,-0.0319928530741429,0.0671793110400842,0.0129314681466956,-0.0479812717457901,-0.022390803707181384,40.610863933196086,0.0742322621039485,0.466657153770543
2018-06-30,-0.0449002935110641,-0.0489498035621768,-0.0266270007575338,0.0002547687076415,0.00010627140334527073,27.16737816624551,0.08304630068355574,0.41712894934809447
2018-07-31,-0.0190056858239168,-0.0135530528555107,-0.0140105918290579,-0.0877487023411607,-0.03698682864781205,24.026088912064083,0.0821834238346461,0.42150855409815524
2018-08-31,0.0185048103964786,0.0288979065013488,0.0282307390559284,0.0521103144250942,0.022350350651065415,26.367077760854198,0.08076626053144276,0.42890454409352785
2018-09-30,0.0078419764005646,0.0099769788927501,-0.0288647056223159,0.0544710716735958,0.022643095970154854,19.94800158360169,0.08333371355732373,0.4156902971514479
2018-10-31,-0.143580783446207,-0.0753359045076216,-0.0808433780688447,-0.0808002910723494,-0.03418136030894291,29.97762399148994,0.08188685771352862,0.42303511355344714
2018-11-30,0.0365700843833676,0.0527591196961516,0.0258261663731411,0.0004392947347811,0.0001848136016068121,25.21699269707396,0.08234034654625924,0.4207052508810616
2018-12-31,-0.027464093810386,0.0272303305824492,-0.0186122957839778,-0.0693647130810415,-0.03248993597871411,16.65356685761293,0.07395718316435812,0.46839285474669007
2019-01-31,0.0785771181605134,0.0251971203758585,0.0290686281045502,0.003041945110092,0.001505780569048663,13.522879191816061,0.06998102635689904,0.4950058316480018
2019-02-28,-0.0013556889974237,-0.0122516437042691,0.0016042828844289,-0.1009183260352732,-0.053469126852926985,16.387817915025003,0.06538190480973811,0.529825740809834
2019-03-31,-0.0207595185485924,0.028006037818139,0.0270106948390767,0.0122222923049793,0.006721369459843521,16.86825797621147,0.06299201787272415,0.5499270752267371
2019-04-30,0.0295203734269897,0.0164401248646317,-0.0076748048890373,-0.0528231344026548,-0.030601337053839352,14.437354069546643,0.05979631049419041,0.5793169489067915
2019-05-31,-0.073874290119428,0.034602317223749,-0.0285413310948847,0.082630546987897,0.053479747975465265,13.235895390779074,0.053523178795047394,0.6472152239691517
2019-06-30,0.036198700992063,0.0005648699376548,-0.0068175621473787,-0.0053258793303569,-0.004068562727659485,11.232727093604703,0.04534620313186487,0.7639231900109237
2019-07-31,-0.0547132179319248,-0.0405764054040077,-0.0282304965206127,0.0421850281694755,0.03503742588981016,18.16198797582003,0.041707751213256594,0.8305654259385502
2019-08-31,-0.0280249783482489,0.0247652559601512,0.002545206606983,0.0083954029988769,0.006306655221632226,17.510553607778377,0.04611403044261387,0.7512033933899186
2019-09-30,0.0441864782381093,-0.0022953411556019,0.0084342126952949,-0.0435068670328779,-0.0322837225772904,16.15640683833287,0.046683652418755626,0.7420374018863222
2019-10-31,0.0168936498316605,-0.0125605690653798,0.0110782243182288,-0.2604705667092113,-0.18788955595403828,33.519849555865584,0.04802270707659482,0.721346593313162
2019-11-30,-0.0038231690495612,-0.0076000968993116,-0.0031739136073106,-0.0300027585173831,-0.017665648398117385,17.883767274141977,0.058833167000952445,0.5888008060286257
2019-12-31,0.0538362270591883,-0.0156266866555055,0.0206554715416324,0.0368757880917229,0.021281996465645502,15.1609615649502,0.060023258294503425,0.5771265528674202
2020-01-31,-0.0344914130311855,0.0174581292759803,0.0303423428450944,0.0347070166247341,0.019579861418277167,12.612010771312729,0.06140423048864113,0.5641470608085484
2020-02-29,-0.0598022008367816,-0.0106337175208387,0.0115079845316647,0.1000345141704455,0.059275466529393035,17.42908570765742,0.058460901684430695,0.5925501515246581
2020-03-31,-0.1111019914164533,-0.018037032787122,0.0513983664000308,0.0301430571626192,0.018078369322440037,31.22343097891289,0.05775886704151337,0.599752348439934
2020-04-30,0.1124214666911866,0.0631327123654692,0.0337268038597255,-0.0619426987099811,-0.03230236177935932,23.972432648333204,0.0664272798728752,0.5214878016632862
2020-05-31,0.0509531689083406,0.0503745336249419,0.0411372353515517,0.1041050905704175,0.06044096313830807,26.636740073705777,0.059666589290413595,0.5805764425844798
2020-06-30,0.0398990601819899,-0.0140968273929635,0.0198031718172175,0.0829247235324257,0.045472423138927895,41.212279999658406,0.06317228088898813,0.5483578503719341
2020-07-31,0.0739722101715985,0.0257590589529919,0.0287843325433929,0.0083282661018169,0.0036778049284740895,24.593172003997324,0.07844342105053054,0.44160511726105117
2020-08-31,0.0346342234039551,-0.003596990597503,0.0079391086084616,0.0062535998951065,0.0026401101972989777,34.654574881666214,0.0820537927516307,0.4221744661606651
2020-09-30,0.0017115292131,0.0178249065766229,-0.0206922512079092,-0.081833719622551,-0.03183016134759431,15.758140562416486,0.08906028380488691,0.38896143905479813
2020-10-31,-0.032416909531724,0.0146048334010295,-0.0338041258629195,-0.0692015649331313,-0.02862058341283768,27.724059208156564,0.08375833902372307,0.41358289282176536
2020-11-30,0.1391026735986915,-0.0145882261941739,-0.0006949678186256,0.0016659435091122,0.0006778924472080563,37.57449614324446,0.08513146332301025,0.4069120252278619
2020-12-31,0.1082586231575384,-0.0554543376570735,0.0251565319258553,0.022160104424113,0.008465488695144005,20.495430173833025,0.090679766155999,0.3820148377068332
2021-01-31,0.0226989517648021,-0.0193125837534107,0.0288547725098839,-0.0224974618229911,-0.009697640440500609,21.997496654558304,0.08036335675227445,0.4310548681802933
2021-02-28,0.0075820803273618,0.0063714064925342,-0.0271036042289094,-0.1120191137858338,-0.049049426792824785,25.59286985930951,0.07911317590536494,0.4378665848633744
2021-03-31,0.0199347147849771,0.0647711007504974,-0.0251646950731586,-0.0789328254821235,-0.035864189175180555,25.648151887339278,0.07624076677278847,0.45436342809371466
2021-04-30,0.0291689255693798,0.0453864365196861,-0.0337673657272121,0.0105265830466048,0.00464731662211272,11.17394158042608,0.07846496440573474,0.44148387007801604
2021-05-31,0.0129585458666892,0.0293216727108409,-0.0048550579187596,-0.0192014775836038,-0.008998188643768095,17.74013042766052,0.07392139923234486,0.4686195947467957
2021-06-30,0.0315840472287913,0.0365352114750796,0.033771973767434,0.001597067232673,0.0008849931540050684,12.46388689951817,0.06251351386334497,0.5541364420356065
2021-07-31,-0.0241409739698107,-0.0018629388626204,0.001081229316274,-0.0282574685976673,-0.016440361773607047,7.927562967719718,0.05954050400887688,0.5818058937864033
2021-08-31,-0.0003565955114962,-0.0235997247662415,-0.004288495099684,-0.0316248732935191,-0.02091348237429627,12.584642654687078,0.05238332511722249,0.661298534865026
2021-09-30,-0.0387273321335515,0.0183098909667207,-0.0583123785726726,0.0665641328766044,0.050996160712414126,15.500215059178299,0.045216133329809186,0.7661207095861979
2021-10-31,-0.0294563262172443,0.0046614641730435,-0.001148842491965,-0.0192082929606906,-0.017334407711587407,17.397474463496593,0.03838578149092933,0.9024439468443104
2021-11-30,-0.0402408385491758,-0.0778560786110525,0.0127380432506072,0.0221680643658737,0.019207478534366742,27.801465066601217,0.03998048335022262,0.8664481579156461
2021-12-31,0.053817831720677,0.0523732615698462,0.0131301642385168,0.0111443657903382,0.008005273902396677,23.798654506778753,0.048224727854019565,0.7183247618574211
2022-01-31,-0.1124746517225045,-0.0068760127444085,-0.0686964655101437,0.0084456090233934,0.005471116021825985,30.715730937873914,0.05347436929146812,0.647805979020767
2022-02-28,0.0118945079122134,0.0364105027919823,-0.0354634574460577,0.0688830424409795,0.03742034188656814,27.701677515628827,0.06376688361071611,0.5432446152277712
2022-03-31,0.0280424101948493,0.0667248444800323,0.0240022410789169,0.0066146123754931,0.003350669957958539,20.880622552234733,0.06838539665487209,0.5065557537993686
2022-04-30,-0.0263065352682404,0.0412886500969613,-0.0189887600941132,-0.0269381736348769,-0.013096313389318064,17.103982325631236,0.07125407587875188,0.4861618893257947
2022-05-31,-0.0045227987685261,-0.0275529240767985,-0.0036642088569387,0.0036032893105897,0.001747171254342068,17.61638987451457,0.07144211129619799,0.48488231272668275
2022-06-30,-0.1362129152060125,-0.0261930554042508,-0.027012509648933,-0.0283825629008683,-0.01481572727655571,17.59858303010396,0.06636196802989734,0.5220010373376978
2022-07-31,0.0563134308374382,0.0052897999507479,0.0258909364998161,-0.0233807755551052,-0.012294717815231651,16.708787439415026,0.06587656876782676,0.5258473050329203
2022-08-31,0.0066831784489014,0.0208612957448339,-0.0092623143288366,0.0445407484025488,0.026547688276137592,19.46700601572996,0.05811944033537588,0.5960314819186655
2022-09-30,-0.1340301606043141,-0.0022505873414339,-0.0741689535631293,0.0569443940851532,0.03717332651910543,20.51076468612792,0.05306524489328028,0.6528004576450034
2022-10-31,0.0603739589469567,-0.0227612432222658,-0.0008705905780582,0.1079653223852208,0.07043291828268501,20.635466346976575,0.05310057523847557,0.6523661183669699
2022-11-30,0.0725336362862441,0.011560623415316,0.0180535637767491,-0.1095971684188075,-0.06862488639014723,38.720761962143705,0.055323330661079875,0.6261556514663641
2022-12-31,-0.0911852392728298,0.0451037714348052,-0.037721810927644,-0.0381690881098329,-0.01944884628484582,23.82851167022759,0.06798428957332653,0.5095444310558607
2023-01-31,0.0850950563552559,-0.0316325072920112,0.0498948769392439,-0.0595823365893259,-0.029086813061462234,20.816243045089376,0.0709597397200686,0.48817845567125845
2023-02-28,0.00591904723265,0.0011441806100116,0.0396142669742358,0.027762101167623,0.013336171851442246,25.253474232236044,0.07211270262986312,0.4803732891440973
2023-03-31,0.0329328889582489,-0.0309142267748205,0.0277764871343042,0.13250026004045,0.061739802961878046,30.441854632483274,0.074343347855468,0.4659598625921939
2023-04-30,0.0084024931948929,0.0344004666829342,-0.096904716089657,0.023650808143809,0.010315895881918665,33.88176211167132,0.07941995889458695,0.4361751961790374
2023-05-31,0.0280343374102809,0.0187528321485219,-0.0065982539452179,-0.0458599857921352,-0.01858108524478816,19.140185867375482,0.08549750930037306,0.40516988664167314
2023-06-30,-0.0012515770853926,0.0021796376461182,0.0107966016564329,0.0838196269439903,0.038299943980480006,19.851691787175945,0.07581204432698542,0.4569328852545798
2023-07-31,0.0337345546673431,-0.1039582119589397,0.0361655876020183,0.2679925802990353,0.12521775597094192,61.40971472479014,0.07413912851738506,0.46724336857094956
2023-08-31,-0.0256108891796632,0.0481554791660108,-0.0072908751957573,-0.0959537485845368,-0.03297958506136727,35.07100434742648,0.10078766449963199,0.343702935506597
2023-09-30,-0.0450436454717722,-0.0045325797477541,-0.0596459230398771,-0.0491905896497483,-0.016108408729038536,23.33737520478305,0.10578400630478808,0.32746931565031484
2023-10-31,-0.0822670177951587,0.0283436671179952,-0.0504908197608027,-0.1163822308544779,-0.03925181499952563,28.194719781055788,0.10271114186215445,0.3372663911951073
2023-11-30,0.114302487579585,-0.0498456008988459,0.0506666237368857,0.0664344403408667,0.02288334555905815,42.8526516729027,0.10056905861585093,0.34445003889016906
2023-12-31,0.0465288348786392,-0.030208261793574,0.0203383033622266,-0.0258407648602032,-0.008148020448870533,17.121098584744715,0.109861083253704,0.3153165354412215
2024-01-31,-0.0615128751942406,0.0559479145594588,-0.0566398932761709,-0.0300283572440586,-0.009510114287645071,18.143245011643877,0.10937963276026517,0.31670444741117965
2024-02-29,0.0627325111532597,-0.0427335121371563,-0.0247915598813938,0.118105337982868,0.04208374723057684,18.647615679730997,0.09721779047412919,0.3563238372568849
2024-03-31,0.0412545395935814,-0.0321031581954053,0.0386579382043188,-0.0194884220989524,-0.008845717056199449,30.538267069089336,0.0763192786300502,0.4538960112463364
2024-04-30,-0.0233346747961399,0.0156520955661523,-0.033337743826233,0.0415598569593202,0.01808428727470052,23.279148532711407,0.07960920186170803,0.4351383425694141
2024-05-31,-0.0232776645221596,0.0178458177790401,-0.0189589195204974,0.0509259218198561,0.02253216126866515,20.338778281806828,0.07829367361837347,0.44244974785865976
2024-06-30,0.0513439533756079,-0.0474956594261368,-0.0193376117119937,0.1593389839815369,0.08750330430264276,23.984396232681654,0.06307949581604319,0.549164442474304
2024-07-31,-0.0141373249376005,0.0022204895572977,-0.0405057738625301,0.0154601147936237,0.008152565752845812,31.72985169800489,0.06569147707654169,0.5273289274804234
2024-08-31,-0.0363299992806468,0.0031517868112505,-0.0335090171426721,-0.0933156873819351,-0.043700911532886376,45.22890427892495,0.0739698583024272,0.4683125930801041
2024-09-30,-0.0285018097008749,0.0224152378741449,0.0173333099940793,-0.0955577795555681,-0.037383004490185646,43.00804961269804,0.08854875711884684,0.3912083837030447
2024-10-31,-0.0172517217017107,-0.0074670231217802,-0.010504404366693,0.0688494771924319,0.02560678380350596,31.610794268583494,0.09314000031157321,0.37192415756383873
2024-11-30,-0.0463492464160809,0.0005889645076029,-0.0763213440938971,0.0292918438090429,0.010446404653823987,23.783731441459327,0.09713382432694151,0.35663185704271033
2024-12-31,-0.0198843655471909,0.026602292651676,0.0416574324493275,0.095723190037783,0.0339722350678917,26.337671678494385,0.097607607080708,0.3549007827098375
2025-01-31,0.0516414084310514,-0.0157132815054961,0.0512036400593372,0.0051433500417572,0.0018080022246265489,36.573562361500436,0.09854571495646336,0.35152229771412835
2025-02-28,0.0087883115115496,0.0234794443039398,0.0309325036079624,-0.0578367531715485,-0.01945468923618592,31.610751147206344,0.1029841122844704,0.33637243049383725
2025-03-31,-0.030382730048699,-0.0397959869179436,-0.0355138174002703,0.0922508773191068,0.032461376273583115,37.88706245781858,0.09844512149629776,0.35188149117861867
2025-04-30,0.0348652871947474,0.0572159634559226,0.0011488182145593,0.0855885725572431,0.032076344553677194,32.44469715942804,0.09243182680518118,0.374773682926234
2025-05-31,0.0496565079506263,-0.0197103793020333,-0.0366207200139393,0.1341500392133489,0.0492689338186123,42.34019253994764,0.0943209709429925,0.3672673829059133
2025-06-30,0.1264663477369789,-0.0734892479464154,0.0479143928311074,0.0293715207362468,0.010095795559041588,31.139677026248446,0.10078049998780238,0.34372736943724436
2025-07-31,0.0542312626831924,-0.0380979084114558,-0.0220252150985493,-0.0273582196869077,-0.009258712698444875,37.53276992897598,0.10235942737550183,0.33842526320803107
2025-08-31,-0.0171527464062234,-0.001721093974536,-0.0140889757759724,-0.0123359483519558,-0.004140239715221409,33.380962533316115,0.10321377878957126,0.33562395018985275
2025-09-30,0.0737684093958579,-0.0555199723956811,0.06883668840417,0.1147719390644588,0.03820827522960867,21.07873683038283,0.10405642680714006,0.3329060704302464
2025-10-31,0.18252721781269,-0.1591627877160459,0.0961716827768683,-0.0709565807976351,-0.025102856004803553,51.663528933391866,0.09791746648218241,0.3537777007096176
2025-11-30,-0.0374503919483889,0.0350386713135633,-0.0291528417404849,-0.0148992380203932,-0.004801364673437031,35.97493945689597,0.10749542682376471,0.3222557198472301
2025-12-31,0.0672713570885887,-0.0577041336243926,0.0273849061920616,0.1362505283907711,0.04319837961257445,24.589186170628707,0.10926004162537016,0.31705109787669994
2026-01-31,0.240297005316787,-0.1539222399286273,0.064029952854576,0.203127420673679,0.06866542269154126,39.48691589173612,0.10247574375175865,0.33804112937490194
2026-02-28,0.1754621613813443,-0.1219123713964854,-0.0272657682357804,0.2588875225597756,0.0857631801468208,48.860074207762786,0.10456849705235365,0.3312758347672727
2026-03-31,-0.182785933370181,0.1229775688616785,-0.0063826160772716,-0.1638567811765852,-0.051141604760946376,45.17969565711884,0.1109891922590852,0.31211161597170695
2026-04-30,0.2641901996319635,-0.099695979374671,0.1428859482269695,0.235338465379729,0.06817945987747119,48.84839880513695,0.1195721349935982,0.2897081009152525
