month,vol_1m,vol_3m,vol_6m,vol_12m,semineg_6m,semi_ratio_6m,vol_win_6m,vol_los_6m,vol_gap_6m,mkt_vol_1m,mkt_vol_6m,mkt_ret_1m,mkt_ret_12m,mkt_drawdown,bear,rebound,fvar_126,disp_signal,n_stocks,bm_spread,tgt_var_next,tgt_vol_next,tgt_semineg_next,tgt_wml_next
1991-02,12.036537,,,,,,,,,22.378127,,,,-0.025263,0.0,0.0,,0.116457,720.0,-0.197613,0.002455,17.164224,13.85172,-0.075162
1991-03,16.534087,,,,,,,,,11.524888,,-0.009657,,-0.042959,0.0,0.0,,0.11131,729.0,-0.173173,0.001894,15.075766,7.949929,0.006855
1991-04,14.570424,14.82971,,,,,,,,16.772603,,-0.014498,,-0.064185,0.0,0.0,,0.131491,732.0,-0.02969,0.000485,7.625354,5.015227,0.012315
1991-05,6.558509,11.193809,,,,,,,,10.162283,,-0.045885,,-0.113877,0.0,0.0,,0.114802,733.0,-0.006541,0.000607,8.532198,5.242511,0.013678
1991-06,8.089075,10.42263,,,,,,,,12.435314,,0.002606,,-0.120431,0.0,0.0,,0.140257,742.0,-0.05041,0.001719,14.360367,8.075445,0.060277
1991-07,13.794766,10.080576,12.039613,,7.965144,0.437686,17.658673,14.021149,-3.637525,24.409581,15.925851,0.171915,,-0.023477,0.0,0.0,0.001208,0.155065,749.0,-0.000538,0.002135,16.005602,7.786416,0.059644
1991-08,14.079528,12.838667,11.694889,,6.346638,0.294507,19.75889,16.937541,-2.821349,31.169796,20.406154,-0.104915,,-0.104915,0.0,0.0,0.00114,0.269523,749.0,-0.267123,0.001387,12.902741,3.396734,0.10314
1991-09,12.484558,13.921989,11.425737,,5.865497,0.263537,18.74866,16.73663,-2.01203,13.811888,19.916368,0.045364,,-0.074453,0.0,0.0,0.001088,0.299657,755.0,-0.206045,0.005146,24.849073,16.963674,0.06451
1991-10,22.332014,17.239233,14.832129,,8.685515,0.342913,20.724733,18.136648,-2.588084,14.651503,20.528178,-0.024274,,-0.084777,0.0,0.0,0.001833,0.221396,755.0,-0.249255,0.008478,31.89582,25.758468,-0.057983
1991-11,23.448257,23.86267,19.420661,,13.46999,0.481068,22.736333,18.571867,-4.164466,13.206774,20.828832,-0.040169,,-0.1435,0.0,0.0,0.003143,0.233687,755.0,-0.184485,0.004652,23.628343,14.537206,0.083108
1991-12,23.628343,25.616611,20.968071,17.198914,14.381964,0.470456,24.321597,22.837198,-1.484399,30.034788,23.123485,-0.065253,-0.078969,-0.199389,0.0,0.0,0.003664,0.232597,755.0,-0.162273,0.015291,42.836434,30.266459,-0.039502
1992-01,33.058667,30.85954,26.465806,20.566464,18.678844,0.498115,25.387504,25.423944,0.03644,28.239154,22.383934,0.055236,0.071943,-0.085362,0.0,0.0,0.005837,0.30461,762.0,-0.227234,0.014969,42.381939,33.779079,-0.073064
1992-02,41.021732,36.758951,31.315562,23.737802,23.164916,0.547194,25.381178,30.282769,4.901591,18.363492,23.093466,-0.114943,0.02016,-0.177889,0.0,0.0,0.008172,0.414854,768.0,-0.293563,0.027161,57.090914,17.789852,0.433077
1992-03,54.876839,44.961237,38.257962,28.585936,24.073784,0.395954,26.194542,33.823093,7.628552,18.100432,23.469898,-0.03637,-0.013946,-0.184613,0.0,0.0,0.012197,0.404606,772.0,-0.463121,0.021485,50.776481,45.55252,-0.331654
1992-04,40.992676,47.114228,41.204037,32.035177,28.001131,0.461819,26.685055,36.417072,9.732017,19.405748,24.344564,0.044633,0.066585,-0.172151,0.0,0.0,0.014148,0.639551,773.0,-0.286075,0.012304,38.425083,22.113778,0.101006
1992-05,31.606555,46.180295,43.0178,33.701571,28.686858,0.444702,26.61353,35.789773,9.176243,17.669201,23.291155,-0.062535,-0.10428,-0.229075,0.0,0.0,0.015421,0.586807,774.0,-0.207352,0.005233,25.058243,23.208074,-0.131683
1992-06,23.552976,34.330878,40.819153,34.107572,28.340595,0.482048,23.979148,33.150536,9.171388,16.681354,18.567968,-0.025052,-0.176978,-0.256046,0.0,0.0,0.013885,0.654973,773.0,-0.141203,0.006039,26.920903,21.72731,-0.056986
1992-07,24.327584,25.140758,38.006054,34.821865,25.466386,0.448982,24.535104,29.195707,4.660604,20.708448,18.541603,-0.047642,-0.239349,-0.312772,0.0,0.0,0.012037,0.487116,773.0,-0.126669,0.012451,38.653348,23.804989,0.113447
1992-08,37.57569,28.728748,33.494344,36.117216,26.272354,0.615255,25.873444,32.263082,6.389638,38.336072,22.918384,0.141942,-0.192243,-0.240673,0.0,0.0,0.009349,0.466046,775.0,-0.151841,0.011728,37.514992,29.958306,-0.035012
1992-09,35.098066,33.682382,31.264985,36.590395,22.718253,0.527999,25.378422,32.65051,7.272088,25.946671,23.902452,-0.087955,-0.19577,-0.307226,0.0,0.0,0.008146,0.542177,776.0,-0.133198,0.010494,35.485681,30.203841,-0.143143
1992-10,35.092458,35.543784,30.314155,37.222539,23.760922,0.614378,25.118486,35.015016,9.89653,30.077198,26.170704,0.176351,0.044569,-0.16807,1.0,1.0,0.007658,0.437925,776.0,-0.070047,0.01617,44.049299,35.586656,-0.13779
1992-11,42.23573,34.206451,33.790864,37.608647,26.188215,0.600639,23.557585,39.459624,15.902039,35.994638,29.78519,0.051116,0.004806,-0.102702,0.0,0.0,0.009515,0.399283,776.0,-0.12043,0.007799,30.592106,25.868041,-0.111029
1992-12,30.581074,36.112934,34.36406,36.597937,26.916173,0.613504,22.117089,40.404349,18.28726,22.106618,29.911649,0.026635,0.070087,-0.084401,0.0,0.0,0.009841,0.461191,778.0,-0.068204,0.003786,21.313774,14.997925,0.024102
1993-01,20.617916,30.947921,33.333059,34.245839,26.820979,0.647439,21.631584,39.070063,17.438479,14.290185,29.105625,-0.040341,0.103589,-0.08445,0.0,0.0,0.009259,0.369402,780.0,-0.141683,0.001375,12.846834,6.564745,0.065396
1993-02,10.568243,21.940622,28.844799,31.074914,22.94662,0.632852,17.583987,34.122846,16.538859,19.157372,25.843473,-0.049878,0.114654,-0.119541,0.0,0.0,0.006934,0.428933,782.0,-0.144621,0.001084,11.405902,9.960082,-0.046422
1993-03,10.792491,14.498096,25.909644,28.339674,20.960874,0.654479,18.446067,33.193217,14.74715,24.710968,25.806201,0.084053,0.173602,-0.086805,0.0,0.0,0.005594,0.526598,783.0,-0.256677,0.001802,14.706175,11.865073,-0.023158
1993-04,14.265053,11.756281,20.603617,27.229803,17.088295,0.687877,18.652917,26.688562,8.035645,17.406511,21.344298,0.034733,0.288283,-0.022215,0.0,0.0,0.003538,0.335849,784.0,-0.244672,0.000853,10.115664,3.616228,0.072647
1993-05,9.802887,11.81223,15.33478,26.288137,11.474465,0.559899,18.763219,22.142154,3.378935,13.446817,19.434756,0.044201,0.5119,0.0,0.0,0.0,0.00196,0.364066,784.0,-0.117075,0.002522,17.396999,14.136859,-0.047773
1993-06,16.031611,12.885772,12.383494,25.746127,9.092185,0.539076,18.843862,18.313451,-0.530412,14.135868,18.061,-0.007533,0.585116,-0.036303,0.0,0.0,0.001278,0.538233,784.0,-0.201752,0.000873,10.232411,7.71185,-0.001179
1993-07,8.864643,12.332897,11.944669,22.075977,9.241065,0.598544,17.558614,16.517469,-1.041144,11.263356,16.556322,-0.026551,0.427365,-0.060532,0.0,0.0,0.001189,0.651395,784.0,-0.543723,0.002762,18.204053,16.139068,-0.097363
1993-08,17.763724,13.688219,13.249262,20.528805,10.563806,0.635708,21.847759,17.307633,-4.540126,34.056782,19.164164,-0.077587,0.182204,-0.143329,0.0,0.0,0.001463,0.790345,784.0,-0.327649,0.00183,14.818643,8.877488,0.074991
1993-09,13.068572,14.155258,13.295765,17.339066,10.096863,0.576695,22.703748,17.772219,-4.931529,17.57233,18.886392,0.057193,0.146562,-0.073318,0.0,0.0,0.001473,0.538874,784.0,-0.362812,0.000936,10.596028,8.838117,-0.037269
1993-10,10.310464,14.341746,13.35177,14.168131,10.620068,0.63267,22.669875,18.502156,-4.16772,12.793151,18.821569,0.046288,0.16597,-0.033578,0.0,0.0,0.001486,0.475244,784.0,-0.565989,0.009015,32.890561,27.375446,-0.119432
1993-11,26.353663,21.023215,17.552466,15.187133,14.289081,0.662723,24.19413,19.417284,-4.776846,18.12716,19.516515,0.047514,0.195924,-0.042423,0.0,0.0,0.002567,0.503303,784.0,-0.290526,0.006278,27.448418,26.070992,-0.175545
1993-12,27.230507,25.257469,20.415949,16.789352,17.545958,0.73861,24.369113,21.4401,-2.929013,19.574597,20.70193,0.08331,0.324152,-0.009556,0.0,0.0,0.003473,0.410635,785.0,-0.321247,0.013668,40.498755,32.335222,-0.044542
1994-01,34.747972,29.40178,25.457299,20.200135,21.263517,0.697663,21.284803,22.056773,0.771971,20.019912,17.739045,0.06105,0.46827,-5.3e-05,0.0,0.0,0.005401,0.39759,792.0,-0.886322,0.012689,39.021732,29.129078,-0.053682
1994-02,39.021732,35.799063,29.227717,22.695079,23.809329,0.663597,20.955173,22.722107,1.766934,22.03524,18.258632,-0.021548,0.273393,-0.051436,0.0,0.0,0.007119,0.505171,793.0,-0.592017,0.020725,49.869292,42.828964,-0.211065
1994-03,48.709526,40.803193,35.36485,26.737132,29.359914,0.689233,22.171207,25.508197,3.33699,14.823443,18.504758,-0.032179,0.216654,-0.105482,0.0,0.0,0.010422,0.434009,793.0,-0.531846,0.01602,43.845385,18.614577,0.292826
1994-04,38.54303,41.738021,37.356646,29.194703,28.235925,0.571305,21.925391,25.981753,4.056361,13.225625,17.799551,0.05198,0.216118,-0.063562,0.0,0.0,0.011629,0.37281,793.0,-0.41567,0.010566,35.608128,27.616641,-0.115613
1994-05,31.766804,40.69774,38.749276,30.74602,28.766631,0.551126,22.21813,26.442279,4.224148,8.204897,16.247948,0.019193,0.291663,-0.031501,0.0,0.0,0.012513,0.480154,793.0,-0.416785,0.008953,32.778076,27.306387,-0.07052
1994-06,30.493979,34.146781,38.377785,31.882783,28.884957,0.566479,21.087722,26.897685,5.809962,17.266881,15.790372,0.002061,0.292882,-0.039526,0.0,0.0,0.012274,0.442552,794.0,-0.481,0.007196,29.385514,21.684654,0.00166
1994-07,26.033878,28.0122,35.625865,32.584212,26.329212,0.546191,18.956716,25.54746,6.590744,11.038298,13.166707,-0.026813,0.359088,-0.044664,0.0,0.0,0.010577,0.420011,794.0,-0.317765,0.010848,36.079242,16.163784,0.139649
1994-08,30.70388,30.827213,32.736266,34.075913,20.761793,0.402227,18.42036,23.436205,5.015845,12.781672,12.646414,0.003756,0.28725,-0.032478,0.0,0.0,0.008931,0.507526,795.0,-0.852618,0.011022,36.368837,26.992428,-0.07151
1994-09,36.256692,31.4462,31.362492,34.41232,22.324553,0.506692,17.133106,24.760276,7.62717,17.491918,13.552608,0.106662,0.248019,-0.002539,0.0,0.0,0.008197,0.500395,796.0,-0.754999,0.008796,32.489619,25.680702,-0.060619
1994-10,26.349236,32.426956,30.601903,34.9161,21.852614,0.509929,16.958169,25.607733,8.649564,12.713531,14.127027,0.034299,0.308925,-0.008399,0.0,0.0,0.007804,0.473727,796.0,-0.876947,0.01495,42.355958,33.120451,-0.094772
1994-11,38.075652,34.934688,32.500038,35.56056,23.153639,0.507541,17.376286,27.039318,9.663032,11.097699,12.912927,-0.03687,0.203707,-0.051415,0.0,0.0,0.008802,0.546887,796.0,-1.043327,0.005592,25.904204,20.866036,-0.058438
1994-12,24.674758,29.622346,32.035285,34.088579,23.02793,0.516717,18.405025,26.331165,7.92614,13.07116,13.189262,-0.02664,0.102788,-0.09563,0.0,0.0,0.008552,0.632354,796.0,-0.843476,0.006641,28.230247,18.409929,0.090338
1995-01,27.679783,27.160361,30.925469,31.947582,23.623307,0.583511,18.569104,27.265641,8.696537,21.600565,15.148586,-0.073005,0.065049,-0.178484,0.0,0.0,0.00797,0.783887,800.0,-0.953736,0.003748,21.206687,18.156525,-0.04512
1995-02,20.673699,24.351265,28.879095,30.604075,22.118319,0.586593,20.553812,26.408215,5.854403,19.922481,15.959529,-0.057966,0.001751,-0.212773,0.0,0.0,0.00695,0.668762,800.0,-0.50885,0.004904,24.258423,17.192479,0.013808
1995-03,22.463781,21.63697,26.844138,28.952369,20.472484,0.581624,20.680456,25.209604,4.529148,9.589851,15.822536,-0.003234,-0.012406,-0.170931,0.0,0.0,0.006005,0.541,802.0,-0.591759,0.009915,34.493259,29.732892,-0.051921
1995-04,32.886639,25.360259,25.288629,29.192112,19.831878,0.615003,20.946489,22.93118,1.984691,13.472353,16.326808,-0.014605,-0.036823,-0.200945,0.0,0.0,0.005329,0.627794,806.0,-0.383803,0.00553,25.759776,22.538367,-0.063839
1995-05,23.288279,27.332694,24.937016,28.900246,19.918581,0.638011,21.200283,25.283072,4.08279,20.63404,17.525382,-0.03995,-0.057384,-0.21434,0.0,0.0,0.005182,0.484931,806.0,-0.716088,0.002865,18.541351,10.350678,0.03565
1995-06,17.477385,25.284348,23.716475,27.550267,18.81666,0.629484,20.508585,23.847472,3.338887,9.672133,16.077382,0.004408,-0.054876,-0.204481,0.0,0.0,0.004687,0.380613,807.0,-0.566976,0.009058,32.969459,24.111233,-0.03219
1995-07,31.698259,22.986703,25.418576,27.407062,19.917025,0.613969,19.311362,24.509498,5.198136,16.135805,15.023346,0.026953,-0.091026,-0.173218,0.0,0.0,0.005384,0.357146,809.0,-0.417891,0.00768,30.358049,25.491445,-0.080099
1995-08,28.778935,26.97145,26.655589,26.663898,21.331998,0.640452,18.938706,24.586495,5.647789,11.500361,14.735967,0.001175,-0.148474,-0.188859,0.0,0.0,0.005921,0.373351,815.0,-0.42114,0.006754,28.468591,21.410227,0.00877
1995-09,27.249067,28.771185,26.389212,25.399402,21.042085,0.635806,19.606873,24.915902,5.309029,15.738644,14.905807,0.067195,-0.111478,-0.125739,0.0,0.0,0.005803,0.328941,819.0,-0.28962,0.00109,11.437876,9.708317,-0.034252
1995-10,9.661541,22.106634,23.51698,24.247583,17.752705,0.569857,17.751329,21.6159,3.864571,13.147697,13.382576,-0.008938,-0.020918,-0.116114,0.0,0.0,0.004609,0.278649,821.0,-0.281426,0.004756,23.889755,19.042617,-0.015834
1995-11,22.683659,18.065709,24.223275,23.971215,18.913998,0.609679,20.69314,22.170534,1.477395,17.709682,14.655889,-0.060857,0.023281,-0.165571,0.0,0.0,0.00489,0.260944,835.0,-0.333066,0.004013,21.945469,14.819881,0.058851
1995-12,21.940008,19.353553,22.105488,23.940533,17.246802,0.608719,22.214654,20.567674,-1.646979,20.099009,15.332295,-0.060909,-0.032795,-0.209421,1.0,0.0,0.004072,0.286476,839.0,-0.306219,0.005664,26.069662,18.213273,-0.025405
1996-01,20.670545,22.44146,21.390613,24.139533,15.660363,0.535991,22.568778,21.069348,-1.49943,13.203171,16.147882,0.024666,-0.060245,-0.203186,1.0,1.0,0.003813,0.366556,841.0,-0.842278,0.003351,20.052776,13.846476,0.01962
1996-02,18.957691,21.671,19.502643,23.871691,14.218278,0.531505,21.915836,19.258956,-2.656881,12.61974,15.68261,-0.032106,-0.03487,-0.226784,1.0,0.0,0.00317,0.485372,840.0,-0.52231,0.004003,21.917953,17.248737,-0.044865
1996-03,19.764289,19.847677,20.95931,22.337137,15.371413,0.537865,22.909487,18.784137,-4.12535,13.836943,15.763054,0.031909,0.041829,-0.204251,1.0,1.0,0.003661,0.353681,845.0,-0.444483,0.004448,23.103907,17.958722,-0.066341
1996-04,21.593257,20.370317,20.931062,22.750519,15.23103,0.529512,21.45422,20.009442,-1.444778,17.178264,15.951595,0.107213,0.138566,-0.109125,0.0,0.0,0.003651,0.372331,845.0,-0.115445,0.004117,22.228031,12.09276,0.051836
1996-05,20.581521,19.954576,20.989786,21.663573,14.661507,0.487912,19.289697,20.514301,1.224604,16.554391,15.323198,-0.069786,-0.035576,-0.176366,1.0,0.0,0.003671,0.444058,847.0,-0.448197,0.002944,18.795181,13.835159,0.00621
1996-06,17.395981,19.397288,20.112553,20.725138,14.027024,0.486403,19.278094,19.05744,-0.220654,14.264555,14.530491,-0.100636,-0.080541,-0.255142,1.0,0.0,0.003371,0.428337,848.0,-0.487426,0.002804,18.343975,10.309016,0.091048
1996-07,15.324231,18.914295,19.158451,19.605771,13.342923,0.485044,19.579901,19.668673,0.088771,16.613125,15.342621,-0.022706,-0.153965,-0.247729,1.0,0.0,0.003059,0.369139,854.0,-0.662879,0.002176,16.160665,14.226266,-0.092512
1996-08,14.277039,15.499466,18.178194,19.615514,12.732516,0.490599,20.287287,20.438745,0.151458,15.246134,15.78932,-0.049893,-0.185085,-0.278587,1.0,0.0,0.002754,0.537476,859.0,-0.712449,0.003563,20.677363,12.090093,0.051383
1996-09,20.461437,16.84167,17.757845,19.417578,11.590047,0.425981,20.061613,20.757813,0.6962,16.63701,15.85806,0.019736,-0.141234,-0.271549,1.0,1.0,0.002628,0.482793,860.0,-0.719193,0.008437,31.818032,26.424763,-0.081578
1996-10,25.203917,23.287405,19.986729,20.519264,14.969483,0.560958,20.689681,23.008408,2.318727,17.236404,16.085028,-0.040498,-0.119138,-0.297032,1.0,0.0,0.003329,0.643929,865.0,-0.635901,0.011487,37.127849,29.662284,-0.055351
1996-11,32.057339,29.776147,23.86306,22.102981,18.407209,0.595009,25.365265,24.715241,-0.650024,18.277808,17.081368,-0.012635,-0.137785,-0.324875,1.0,0.0,0.004745,0.589108,868.0,-0.642383,0.014115,41.155644,32.248312,0.002451
1996-12,41.148744,34.227671,28.300266,24.196894,22.337118,0.622979,27.89019,27.695411,-0.194779,23.627232,18.401041,-0.095945,-0.236679,-0.38898,1.0,0.0,0.006674,0.64027,872.0,-0.471164,0.014326,41.462413,30.785524,0.118566
1997-01,37.565895,36.247679,32.43617,26.216084,25.089582,0.598312,33.857376,31.859046,-1.99833,30.618447,22.562899,0.119232,-0.164425,-0.339019,1.0,1.0,0.008768,0.460544,880.0,-0.678724,0.005605,25.935065,18.714631,0.025667
1997-02,25.927563,36.658725,33.203822,26.725422,25.890892,0.60802,33.66189,32.7057,-0.95619,16.411606,22.359941,-0.01171,-0.245088,-0.349285,1.0,0.0,0.009187,0.605815,880.0,-0.760599,0.01435,41.496902,34.792308,-0.059472
1997-03,37.576922,32.542431,34.934304,28.514178,27.473887,0.618495,36.056156,32.835956,-3.2202,25.462776,23.272551,0.002037,-0.231037,-0.345749,1.0,1.0,0.01017,0.65879,882.0,-0.806858,0.006419,27.75369,19.816362,0.014726
1997-04,23.178589,30.756264,33.554517,28.952803,25.630337,0.583454,32.743614,32.134313,-0.609301,11.270992,22.395103,0.023946,-0.133563,-0.320302,1.0,1.0,0.009383,0.582716,881.0,-0.829596,0.020823,49.987229,47.769232,-0.307986
1997-05,48.683271,38.822438,36.035232,31.873977,30.106176,0.698002,31.43638,34.229869,2.793489,19.615156,21.691899,0.075364,-0.047438,-0.271651,1.0,1.0,0.010821,0.691403,882.0,-0.769409,0.031326,61.311417,43.706887,-0.036463
1997-06,55.864317,46.916669,40.207254,36.29119,32.304607,0.645535,23.89981,36.935196,13.035386,15.123911,17.715652,-0.020605,-0.033025,-0.279918,1.0,0.0,0.013472,0.70552,879.0,-0.838484,0.005007,24.511585,17.416226,0.057313
1997-07,20.095201,45.520127,39.747624,36.548659,31.881837,0.643375,23.257803,36.39678,13.138976,13.195741,17.162094,-0.065672,-0.029839,-0.298752,1.0,0.0,0.013166,1.094859,1201.0,-0.927248,0.003072,19.19965,11.884165,0.078891
1997-08,19.071942,31.656106,36.615704,35.770191,29.079969,0.630744,17.389525,34.697326,17.307801,13.391889,15.015685,-0.058528,-0.123654,-0.327243,1.0,0.0,0.011173,0.980181,1201.0,-0.855496,0.003988,21.876953,16.158454,0.040072
1997-09,21.586399,19.615481,35.984373,34.78237,28.704998,0.636337,16.916026,35.19957,18.283544,19.964335,16.204871,-0.055948,-0.103881,-0.371418,1.0,0.0,0.010791,0.904243,1210.0,-0.788992,0.010842,36.069898,32.485732,-0.09522
1997-10,34.42589,25.735908,33.965252,35.094378,26.092547,0.590151,20.092885,36.426247,16.333361,48.524714,24.632709,-0.241065,-0.249039,-0.53483,1.0,0.0,0.009614,0.748682,1212.0,-0.566413,0.010395,35.318495,12.616267,0.211353
1997-11,31.569906,31.214419,25.822063,33.798808,17.908757,0.481004,27.068974,38.403618,11.334644,50.327806,33.508559,-0.254252,-0.380039,-0.595907,1.0,0.0,0.005556,0.593236,1221.0,-0.552036,0.017704,46.091891,32.55016,0.05349
1997-12,44.590137,38.859731,30.483902,35.479691,21.133121,0.480603,29.33283,48.441801,19.108971,73.171486,44.650962,-0.043824,-0.453763,-0.627078,1.0,0.0,0.007744,0.660427,1224.0,-0.429885,0.016114,43.97384,27.315798,0.05635
1998-01,41.030863,40.921847,34.577838,36.826809,23.440939,0.459573,33.471607,53.771063,20.299456,58.931522,50.891048,0.42665,-0.111369,-0.446313,1.0,1.0,0.009964,0.509122,1232.0,-0.688542,0.019013,47.765268,27.96211,0.131968
1998-02,44.480012,44.056416,39.20017,37.321056,25.747641,0.431419,37.03255,55.971694,18.939144,42.368431,53.604881,0.023051,-0.184324,-0.452608,1.0,1.0,0.012805,0.495364,1234.0,-0.767948,0.030702,60.697529,55.598196,-0.354486
1998-03,46.728537,48.589849,44.665656,39.991342,32.668363,0.534943,39.737416,55.04756,15.310143,23.817883,53.433843,-0.074379,-0.328421,-0.522571,1.0,0.0,0.016625,0.511819,1234.0,-0.776418,0.033988,63.86398,33.088225,0.25606
1998-04,48.015054,55.864436,49.723595,39.78021,33.599443,0.456603,40.258259,55.40194,15.143681,38.631838,50.282971,-0.038122,-0.429352,-0.581697,1.0,0.0,0.020604,0.433477,1234.0,-0.45805,0.020643,49.770901,31.899899,-0.000405
1998-05,49.479412,51.226751,49.547518,40.958936,33.868792,0.467257,42.541869,50.170655,7.628786,41.336026,44.977059,-0.112504,-0.531688,-0.665364,1.0,0.0,0.020458,0.392483,1235.0,-0.528288,0.044964,73.455291,47.900424,0.184133
1998-06,69.445987,56.666,54.827472,45.792897,37.233297,0.461176,48.143515,56.365471,8.221956,54.836821,43.070942,-0.103844,-0.579181,-0.698976,1.0,0.0,0.02505,0.367941,1239.0,-0.506148,0.025528,55.347773,43.022847,-0.080714
1998-07,45.920574,56.795232,55.825616,48.234597,39.47364,0.499974,48.473616,56.315565,7.841949,42.557374,42.157848,0.095514,-0.472555,-0.657961,1.0,1.0,0.025971,0.357174,1237.0,-0.46314,0.021942,51.312611,42.690086,-0.197724
1998-08,46.816721,54.471525,54.370717,49.704366,36.899757,0.460593,46.763996,58.168479,11.404483,30.733391,42.080543,-0.042768,-0.470622,-0.690527,1.0,0.0,0.024635,0.345511,1232.0,-0.400047,0.04764,75.609222,58.336354,-0.121456
1998-09,74.892498,57.90129,56.738997,53.325918,41.610482,0.537826,43.001769,62.420845,19.419076,35.934008,40.917819,-0.015443,-0.375275,-0.690095,1.0,0.0,0.026828,0.320984,1235.0,-0.452217,0.072773,93.449557,85.260423,-0.949157
1998-10,90.038006,71.171535,65.30078,57.96494,52.731816,0.652092,46.672057,73.598882,26.926825,49.045045,41.610762,0.263653,0.002035,-0.604487,1.0,1.0,0.035535,0.378363,1227.0,-0.499144,0.074536,94.574656,83.671742,-0.567026
1998-11,74.247477,84.704554,69.630333,62.667515,59.647351,0.733813,39.32089,77.278947,37.958057,30.429559,36.770585,0.072239,-0.135803,-0.560842,1.0,1.0,0.040403,0.441856,1236.0,-0.421251,0.05265,79.485809,54.033605,0.249874
1998-12,79.585446,86.62813,74.208672,65.683169,61.937757,0.696629,41.187987,81.746889,40.558903,56.174575,39.490539,0.257764,0.074453,-0.44373,1.0,1.0,0.045891,0.792118,1236.0,-0.329807,0.050184,77.601725,68.559584,-0.176324
1999-01,77.65663,82.744355,77.92626,67.289407,65.724018,0.711345,45.335188,85.208958,39.87377,45.283451,41.975752,0.039081,0.108676,-0.435009,1.0,1.0,0.050604,0.836244,1224.0,-0.166616,0.019224,48.030155,34.048274,0.036632
1999-02,48.799888,72.10565,79.489456,67.029524,66.337252,0.69646,48.034419,87.747685,39.713267,40.037788,42.500053,-0.02974,0.191695,-0.481754,1.0,0.0,0.052655,1.076004,1214.0,-0.115643,0.020172,49.199401,38.466034,-0.127337
1999-03,48.683311,63.205417,75.50111,67.08621,63.22854,0.701326,51.870457,85.804713,33.934256,32.614441,42.4863,0.156204,0.517968,-0.384751,1.0,1.0,0.047503,1.015251,1204.0,-0.319815,0.030154,60.154166,20.638217,0.317141
1999-04,60.154166,52.977347,70.364832,67.834908,54.410069,0.597926,51.927198,76.799492,24.872294,38.524912,41.082439,0.226687,1.310673,-0.245282,0.0,0.0,0.04126,1.505708,1202.0,-0.244153,0.016959,45.111879,36.397539,-0.072705
1999-05,45.195738,51.878661,62.811704,66.74888,46.021514,0.536835,54.23024,66.673285,12.443045,33.541598,41.355081,0.004146,1.46509,-0.243242,0.0,0.0,0.032878,2.444478,1199.0,-0.079602,0.030183,60.182902,47.303124,-0.200932
1999-06,60.164959,55.604517,59.52641,67.057787,43.649865,0.537708,54.1754,59.27255,5.09715,44.601755,38.991458,0.179053,1.513223,-0.088454,0.0,0.0,0.029528,3.69073,1197.0,-0.339398,0.014983,42.402276,36.181611,-0.188686
1999-07,42.286237,49.844817,51.330319,66.006039,36.380679,0.502335,57.515515,56.861958,-0.653557,51.961559,40.530074,0.052379,2.261518,-0.057348,0.0,0.0,0.021957,5.155605,1182.0,-0.241397,0.008914,32.705905,28.208781,-0.089513
1999-08,25.950772,44.976454,48.777195,65.444244,35.472561,0.528873,57.804245,54.820959,-2.983287,32.750776,40.194073,-0.002468,1.931651,-0.068171,0.0,0.0,0.019827,7.486911,1182.0,-0.920965,0.012387,38.555126,30.326612,-0.058011
1999-09,40.248755,38.053909,47.597482,63.079593,34.187839,0.515912,55.324894,48.369159,-6.955734,33.066126,40.069409,-0.110442,1.81225,-0.168593,0.0,0.0,0.018879,51.011633,1181.0,-0.476597,0.018801,47.49919,30.57961,0.079445
1999-10,47.49919,40.051413,45.214055,59.088741,35.407218,0.613249,53.096954,45.404869,-7.692086,34.134752,39.574031,0.005385,1.237477,-0.164115,0.0,0.0,0.017036,9.484588,1165.0,-0.435418,0.024719,54.463827,13.949809,0.521841
1999-11,54.4356,47.289813,46.147632,55.214873,32.63353,0.500068,52.059609,44.17077,-7.888839,30.185668,39.470164,0.145001,1.441759,-0.001293,0.0,0.0,0.017747,10.791663,1158.0,-0.832961,0.064727,88.131942,53.282218,0.191739
1999-12,88.748989,65.802028,53.749451,56.226439,34.140036,0.403441,53.065223,50.079682,-2.985541,32.190978,36.838982,0.1803,1.287485,0.0,0.0,0.0,0.024075,6.325608,1160.0,-3.150902,0.052866,79.648717,69.808167,-0.257092
2000-01,80.456402,75.473476,60.755303,56.098594,42.455373,0.488311,57.117254,46.138221,-10.979034,43.446604,35.020168,-0.111713,1.004245,-0.146731,0.0,0.0,0.03076,3.974574,1159.0,-2.312271,0.059614,84.579762,49.019487,0.327239
2000-02,84.882723,85.282327,68.482043,59.538272,45.305374,0.437669,58.319205,46.957626,-11.361579,35.036652,35.2193,-0.021467,0.982956,-0.168759,0.0,0.0,0.039082,3.277466,1158.0,-3.964646,0.023056,52.60019,33.316486,-0.057013
2000-03,44.647662,73.922817,69.826243,59.780062,45.377643,0.422325,60.218503,47.647595,-12.570908,23.341498,35.806169,-0.006967,0.783856,-0.112254,0.0,0.0,0.040631,5.327832,1161.0,-2.81594,0.07052,91.991053,76.52026,-0.135276
2000-04,95.307748,82.254009,77.661622,63.150787,53.6754,0.477681,68.732321,49.772385,-18.959936,53.201959,39.225056,-0.191282,0.168031,-0.253834,0.0,0.0,0.050261,11.126105,1164.0,-0.743744,0.068906,90.932464,75.316159,-0.068195
2000-05,93.431559,81.659802,83.356674,67.145249,61.580499,0.545765,65.721538,62.214542,-3.506995,46.52307,41.116031,0.027942,0.249355,-0.257486,0.0,0.0,0.057903,9.792143,1172.0,-0.531723,0.075755,95.344541,75.049586,-0.202056
2000-06,95.344541,93.9056,84.75734,70.500264,65.646315,0.599882,63.415043,68.73837,5.323327,36.959779,42.135115,0.095247,0.112877,-0.186764,0.0,0.0,0.059865,11.642191,1154.0,-0.89223,0.022472,51.929478,40.461612,-0.108536
2000-07,55.088307,83.189076,82.156469,71.168212,62.17503,0.572728,55.933135,69.970997,14.037863,28.319571,40.290026,-0.13415,-0.138234,-0.295964,0.0,0.0,0.056247,9.419455,1157.0,-1.095788,0.005428,25.520777,20.022405,-0.068899
2000-08,25.419878,64.390895,73.534042,70.8163,58.900289,0.641591,51.465172,66.975776,15.510605,30.59284,39.637292,-0.049614,-0.111417,-0.312668,0.0,0.0,0.04506,4.705134,1169.0,-1.056827,0.009551,33.853662,10.072399,0.179603
2000-09,34.636743,40.428008,71.851485,70.721496,56.986946,0.629041,47.603988,67.957742,20.353754,44.951812,40.788536,-0.140644,-0.200182,-0.379041,0.0,0.0,0.043022,2.786444,1166.0,-0.660923,0.01286,39.284025,19.278238,0.160299
2000-10,39.284025,33.981168,63.426086,70.860577,48.430772,0.583052,29.560403,67.407344,37.846941,41.866135,39.086148,-0.133674,-0.226957,-0.462047,0.0,0.0,0.033524,1.883447,1170.0,-0.719812,0.011143,36.567477,21.297872,0.075013
2000-11,35.027737,36.792406,52.728387,69.795269,38.32717,0.528353,26.9732,58.380763,31.407562,28.227187,37.661872,-0.064139,-0.362628,-0.472867,0.0,0.0,0.023169,1.32885,1192.0,-0.759977,0.014709,42.012825,13.446964,0.180661
2000-12,44.493331,39.717087,41.606036,67.301982,26.858421,0.416724,23.271259,47.238909,23.96765,31.157699,34.645941,-0.071693,-0.433131,-0.490833,0.0,0.0,0.014426,2.205258,1252.0,-0.285912,0.049356,76.959011,67.074876,-0.533616
2001-01,77.872472,55.161201,46.372631,67.046547,32.432266,0.489138,22.654899,51.247975,28.593076,42.02916,37.756153,0.194844,-0.288254,-0.3813,0.0,0.0,0.01792,2.163152,1267.0,-0.472054,0.014596,41.850971,19.314809,0.119689
2001-02,42.935983,57.459137,47.606329,64.243427,31.840666,0.447337,14.860498,51.914725,37.054228,29.181403,36.443869,-0.029422,-0.363891,-0.421505,0.0,0.0,0.018886,1.333402,1269.0,-0.39759,0.019063,47.828132,30.246886,0.109356
2001-03,47.828132,58.780813,49.909157,62.100517,33.783158,0.458184,13.580435,55.374831,41.794396,29.503147,35.152626,-0.096306,-0.412688,-0.477217,0.0,0.0,0.020758,0.96149,1280.0,-0.318912,0.016813,44.917047,37.456316,-0.065777
2001-04,44.997394,45.691695,50.523415,60.284622,36.137567,0.511602,15.895841,57.288063,41.392222,34.372859,32.744585,0.105012,-0.326526,-0.42049,0.0,0.0,0.021272,0.963345,1287.0,0.198686,0.010751,35.917435,25.293522,0.02654
2001-05,35.588283,43.186161,50.826159,56.447934,36.674609,0.520663,18.972782,58.117447,39.144665,23.647096,31.908387,0.044113,-0.153454,-0.386732,0.0,0.0,0.021527,0.862596,1292.0,0.139746,0.006828,28.623509,7.348085,0.171094
2001-06,29.828376,37.122019,50.346611,45.985923,36.368318,0.521802,21.311094,57.493754,36.18266,22.819348,30.65107,-0.05561,-0.222423,-0.406369,1.0,0.0,0.021123,0.888727,1317.0,0.224155,0.011613,37.330332,17.980182,0.147168
2001-07,37.330332,34.170753,40.344587,43.665575,25.165949,0.389095,24.290059,52.196911,27.906852,24.980419,27.564969,-0.091747,-0.31999,-0.460833,1.0,0.0,0.013564,0.758387,1349.0,0.19975,0.011299,36.822322,26.072993,0.036045
2001-08,31.2998,34.4903,39.080847,43.552699,25.867271,0.4381,26.235946,52.145104,25.909159,22.121276,26.941229,-0.04547,-0.259796,-0.466544,1.0,0.0,0.012728,0.660143,1375.0,0.050729,0.02131,50.569239,29.938943,0.126891
2001-09,50.715068,42.058234,39.666985,45.079686,25.830811,0.424051,33.170325,59.232879,26.062554,53.974199,32.280979,-0.153845,-0.233435,-0.532266,1.0,0.0,0.013112,0.55765,1374.0,-0.064476,0.005203,24.987688,19.267947,-0.02816
2001-10,25.15698,38.919972,36.974036,44.179047,22.827167,0.381163,32.706768,57.244354,24.537586,26.852214,31.401004,0.158705,-0.024085,-0.468205,1.0,1.0,0.011392,0.677791,1383.0,0.036066,0.013189,39.782216,33.101916,-0.141752
2001-11,36.941414,39.912519,37.424204,44.75036,23.876115,0.407026,33.009973,58.191124,25.18115,33.221536,32.552374,0.163959,0.118034,-0.373825,1.0,1.0,0.011671,0.703586,1385.0,0.017927,0.013652,40.475014,26.926372,0.05823
2001-12,40.78851,35.848452,39.0896,45.412854,26.164569,0.448028,33.501288,59.679956,26.178668,35.383566,34.347902,0.087457,0.222389,-0.333989,1.0,1.0,0.012733,0.824093,1395.0,-0.134604,0.010429,35.376256,28.092283,-0.028845
2002-01,34.33647,38.610582,38.765585,39.640459,27.580532,0.506189,33.516265,57.535927,24.019661,27.876706,35.159301,0.03585,0.212853,-0.281117,1.0,1.0,0.012523,0.645859,1417.0,0.052191,0.010332,35.210797,10.098977,0.206458
2002-02,37.777705,37.534162,39.140661,39.27293,25.813374,0.434944,34.529203,56.803856,22.274652,31.559375,36.085656,0.0542,0.263178,-0.222615,1.0,1.0,0.012767,0.692878,1421.0,0.037838,0.004918,24.292513,14.621897,0.033442
2002-03,24.621915,34.069039,34.685808,37.30142,23.925917,0.47581,28.790113,43.528808,14.738694,19.312464,29.920859,0.111802,0.615364,-0.136052,1.0,1.0,0.010026,0.800736,1423.0,-0.206985,0.006419,27.753836,18.172051,0.063443
2002-04,27.753836,30.482645,34.712433,36.191926,23.528737,0.459438,32.288032,45.101653,12.813621,32.958992,30.835881,-0.092809,0.410643,-0.216234,1.0,0.0,0.010041,0.929718,1397.0,0.120937,0.009104,33.053006,18.421443,-0.034517
2002-05,24.476052,28.594305,33.365009,35.495147,20.546647,0.379227,34.508063,42.305709,7.797645,29.830963,31.889912,-0.075206,0.19225,-0.257807,1.0,0.0,0.009277,0.690627,1408.0,0.214614,0.011051,36.415378,10.571628,0.224554
2002-06,37.005895,32.957025,33.447019,36.386467,19.520162,0.340606,36.081285,44.707844,8.626558,39.146812,31.74023,-0.130981,0.125695,-0.313768,1.0,0.0,0.009323,0.631392,1419.0,0.142898,0.061618,85.989073,70.093927,-0.309312
2002-07,85.989073,57.576121,46.056209,42.631241,32.135032,0.486834,38.003025,58.445621,20.442596,37.667776,32.593854,-0.034101,0.220169,-0.337169,1.0,0.0,0.017676,0.608411,1443.0,0.116189,0.017788,46.200953,36.489897,-0.00657
2002-08,46.200953,60.271842,47.197083,43.504398,34.836397,0.544799,36.684195,59.790171,23.105976,20.876691,30.895971,0.02531,0.214808,-0.320393,1.0,1.0,0.018563,0.584473,1467.0,-0.057028,0.006048,26.939407,8.136665,0.129941
2002-09,28.497365,58.465566,47.542456,42.052891,34.380733,0.522958,37.778843,60.897869,23.119027,32.397527,32.58516,-0.120342,0.307424,-0.411151,1.0,0.0,0.018836,0.678082,1475.0,-0.150701,0.006129,27.119533,19.05215,0.043555
2002-10,27.09144,34.62046,47.505715,41.514513,34.772021,0.535757,39.776497,60.975286,21.19879,40.204554,34.171461,0.012151,0.149067,-0.398098,1.0,1.0,0.018807,0.5316,1479.0,-0.000453,0.007862,30.715316,19.33787,0.033614
2002-11,30.715316,28.311549,47.086297,40.811267,34.593914,0.539772,38.940933,60.913263,21.972329,24.69021,33.283307,0.098661,0.098932,-0.338714,0.0,0.0,0.018476,0.454386,1498.0,-0.114345,0.012437,38.632882,24.588103,0.050704
2002-12,41.896237,33.020418,47.398389,41.582174,35.838185,0.571696,38.158325,59.225994,21.067669,29.060029,32.196009,-0.11607,-0.095165,-0.429103,0.0,0.0,0.018722,0.513107,1527.0,-0.083629,0.007556,30.112125,23.211389,0.033331
2003-01,30.112125,33.61497,36.23603,40.494708,24.650238,0.462766,35.597068,46.91828,11.321212,30.238912,30.443797,-0.053634,-0.20202,-0.459722,1.0,0.0,0.010942,0.37776,1560.0,0.022555,0.005602,25.927346,19.494752,0.024082
2003-02,26.82314,34.152424,30.835933,39.900811,20.068441,0.423558,35.459541,43.605478,8.145937,26.434134,30.772653,-0.01402,-0.289814,-0.475292,1.0,0.0,0.007924,0.334909,1585.0,-0.060702,0.01631,44.240193,28.166666,0.13281
2003-03,44.240193,34.525453,33.784575,41.148055,22.559874,0.445899,34.868348,49.149979,14.281631,38.644867,32.187862,-0.07121,-0.436759,-0.512656,1.0,0.0,0.009512,0.290743,1583.0,-0.058554,0.016673,44.729567,34.717726,-0.064351
2003-04,43.433725,39.285943,36.560577,42.46527,25.564145,0.488919,30.156647,50.409953,20.253306,36.771017,31.388401,0.113237,-0.358929,-0.454195,0.0,0.0,0.011139,0.277114,1582.0,0.094889,0.011288,36.805076,25.16911,-0.02397
2003-05,37.761307,42.150736,38.32256,42.675694,26.834548,0.49032,28.191293,52.079464,23.888171,28.034908,31.034987,0.118555,-0.28068,-0.419775,1.0,1.0,0.012238,0.305051,1594.0,0.008245,0.013482,40.222047,34.715729,-0.115347
2003-06,40.726285,41.149674,37.816259,43.252276,28.272543,0.55895,26.8679,51.547738,24.679837,19.828537,30.610315,0.059076,-0.150613,-0.386475,0.0,0.0,0.011917,0.396194,1605.0,-0.004321,0.005622,25.973677,16.683446,0.022649
2003-07,25.919452,35.205877,37.580452,37.380661,27.516612,0.536125,23.033251,49.410197,26.376946,18.407536,28.49383,0.048016,-0.032399,-0.35219,0.0,0.0,0.011769,0.407221,1619.0,-0.201361,0.007229,29.453803,19.277264,0.088
2003-08,29.502479,32.663888,37.617831,34.596961,27.400758,0.530564,22.001879,47.192667,25.190787,16.961736,27.073723,0.056728,0.002238,-0.314844,0.0,0.0,0.011793,0.432486,1631.0,-0.247571,0.010095,34.804646,26.799553,-0.00053
2003-09,36.12101,30.805154,36.143225,34.881869,27.121817,0.563098,21.910897,40.232849,18.321953,21.886783,24.250848,-0.08137,-0.027557,-0.371675,0.0,0.0,0.010886,0.626526,1634.0,-0.309125,0.007944,30.875431,8.275353,0.236834
2003-10,30.215047,32.562547,34.776765,35.123498,23.409409,0.453109,23.177421,35.30885,12.131429,21.739111,22.11103,0.102668,0.162316,-0.300661,0.0,0.0,0.010079,0.525933,1630.0,-0.341908,0.00715,29.292646,19.644047,0.06184
2003-11,29.306233,32.228759,32.730557,35.47562,23.355114,0.509163,24.405228,29.068763,4.663535,24.46373,20.859755,0.010475,0.144446,-0.289981,0.0,0.0,0.008927,0.579713,1640.0,-0.291785,0.03904,68.446028,52.303045,-0.017946
2003-12,68.446028,46.533895,39.461126,38.684341,27.562489,0.487863,25.334517,37.621741,12.287224,17.517889,20.368578,0.014227,0.110539,-0.279879,0.0,0.0,0.012977,0.624557,1649.0,-0.306969,0.007635,30.267893,9.939378,0.180442
2004-01,41.247334,46.948946,40.279305,38.750472,27.041002,0.450694,24.789538,37.45496,12.665422,14.998178,19.84827,0.069664,0.29527,-0.247608,0.0,0.0,0.01352,0.714646,1671.0,-0.27502,0.007062,29.11176,19.716452,0.083288
2004-02,29.154059,47.212874,40.542845,39.111205,28.129742,0.481397,24.649439,38.828,14.178561,14.428894,19.313446,0.027739,0.413247,-0.222309,0.0,0.0,0.013698,0.755672,1677.0,-0.364058,0.012398,38.570718,18.800165,0.199942
2004-03,38.153847,36.681228,40.369173,38.528995,25.998729,0.414767,23.478191,39.908546,16.430356,19.00927,19.148368,-0.017792,0.506245,-0.223374,1.0,0.0,0.013581,0.877128,1667.0,-0.347338,0.070451,91.946435,83.339962,-0.466181
2004-04,92.237667,59.977235,53.868276,45.436424,42.638055,0.626511,22.5184,54.64641,32.12801,21.376296,19.114091,-0.006419,0.371562,-0.234552,1.0,0.0,0.024182,0.726134,1643.0,-0.218286,0.049295,76.911714,62.725106,-0.145227
2004-05,80.032668,73.388621,61.34846,49.206253,49.123517,0.641168,28.826192,64.654542,35.828349,44.487171,24.322386,-0.112,0.307208,-0.288695,1.0,0.0,0.031364,0.778054,1640.0,-0.165617,0.007843,30.679254,19.960191,0.055399
2004-06,30.672763,71.850097,57.185317,48.331374,45.417095,0.630768,31.461922,60.78944,29.327518,31.738791,26.348185,-0.037988,0.099125,-0.305728,1.0,0.0,0.027251,0.585147,1640.0,-0.080765,0.002568,17.555065,12.327327,0.005244
2004-07,17.539816,48.869925,54.706208,48.036206,45.041731,0.677886,32.068847,57.617917,25.54907,20.730713,26.973958,-0.059816,0.016113,-0.353387,1.0,0.0,0.02494,0.58096,1648.0,-0.011692,0.003304,19.910743,18.528746,-0.109682
2004-08,19.794537,22.058663,53.961575,47.551277,44.957612,0.694124,31.825132,57.036232,25.2111,15.955822,27.173506,0.115461,0.037222,-0.29374,0.0,0.0,0.024265,0.46113,1652.0,-0.024961,0.027505,57.451035,43.423092,0.152756
2004-09,57.954193,36.538744,56.997878,49.311345,47.713101,0.700742,31.703374,59.318123,27.614749,15.938197,26.849721,0.029377,0.132239,-0.267057,0.0,0.0,0.027073,0.573225,1653.0,-0.129414,0.047323,75.357219,61.665378,0.024877
2004-10,75.357219,55.939682,53.245112,53.194303,41.865478,0.618234,32.094421,56.346938,24.252518,24.691029,27.387352,-0.000946,0.083722,-0.26775,0.0,0.0,0.023625,0.57889,1654.0,-0.077839,0.006176,27.22405,15.478278,0.050358
2004-11,26.691921,57.073662,43.363852,53.159148,33.510382,0.597177,25.511684,44.435006,18.923322,19.159965,22.215994,0.04802,0.142154,-0.231531,0.0,0.0,0.01567,0.550401,1661.0,-0.182725,0.057825,83.300824,65.327551,-0.06893
2004-12,82.683147,66.600262,53.773062,55.310818,42.181856,0.615349,21.249718,53.534743,32.285025,15.182088,18.693987,0.021264,0.114764,-0.215886,0.0,0.0,0.024096,0.546302,1667.0,-0.01104,0.055456,81.576341,17.429391,0.50393
2005-01,81.576341,68.992325,62.857022,58.924242,42.500851,0.45718,21.037368,61.989893,40.952526,15.520709,18.034443,0.054191,0.098638,-0.173394,0.0,0.0,0.032925,0.63865,1670.0,0.136499,0.019185,47.981856,28.343748,0.127822
2005-02,49.927094,72.911551,65.616425,60.167922,43.799259,0.445562,21.591849,64.934607,43.342758,16.216029,17.970827,0.102224,0.172183,-0.105142,0.0,0.0,0.035879,0.856154,1677.0,-0.208392,0.004402,22.982427,13.708091,0.023967
2005-03,22.615395,56.80933,62.101179,59.401105,40.620706,0.427854,22.524066,61.47277,38.948704,17.807983,18.241146,-0.044992,0.118101,-0.148539,0.0,0.0,0.032138,1.086032,1673.0,-0.058797,0.003659,20.955603,14.785021,-0.000119
2005-04,21.842344,33.960978,54.198334,54.85681,31.731213,0.342769,22.741221,53.317923,30.576702,17.22929,17.141756,-0.048533,-0.014132,-0.1976,0.0,0.0,0.024479,1.281172,1644.0,0.049583,0.003729,21.154918,16.43173,-0.059426
2005-05,21.154918,21.716812,53.794583,48.993409,31.838347,0.350287,22.555249,52.728691,30.173442,14.560626,16.208083,0.068442,0.187838,-0.142682,0.0,0.0,0.024115,1.5895,1642.0,0.060949,0.003643,20.908722,7.854918,0.158417
2005-06,20.908722,21.305658,44.100186,48.462896,18.448631,0.175004,22.223391,43.489542,21.266151,12.117525,15.60803,0.041617,0.312664,-0.107003,0.0,0.0,0.016207,1.345279,1646.0,-0.058589,0.001864,14.957066,12.492785,-0.024515
2005-07,14.957066,19.221681,27.593668,48.399379,16.874106,0.373958,21.992091,27.862709,5.870619,11.870773,15.094984,0.101626,0.512847,-0.016251,0.0,0.0,0.006345,1.583581,1650.0,-0.08392,0.002965,18.862488,12.79448,0.024335
2005-08,18.840418,18.086164,20.061596,48.398272,13.173475,0.431191,23.316631,19.303118,-4.013513,19.32267,15.691814,-0.03309,0.340509,-0.04549,0.0,0.0,0.003354,1.754876,1652.0,-0.21007,0.002823,18.403808,8.221232,0.101796
2005-09,18.403808,17.433293,19.330675,45.990387,12.501036,0.418213,23.484012,19.320537,-4.163475,17.617743,15.655982,0.129262,0.475249,-0.00655,0.0,0.0,0.003114,1.48797,1652.0,-0.389433,0.001507,13.445576,9.952128,-0.015372
2005-10,13.619128,17.080956,18.18285,40.423232,11.676925,0.412414,23.245738,19.064213,-4.181525,22.951926,16.865201,-0.050124,0.449404,-0.06543,0.0,0.0,0.002755,1.877335,1660.0,-0.396406,0.00307,19.193172,10.711254,0.081414
2005-11,19.183101,17.203309,17.650257,40.038477,10.510571,0.35461,24.374005,18.625018,-5.748987,16.955027,17.583517,0.101351,0.546121,0.0,0.0,0.0,0.002596,1.925231,1662.0,-0.47558,0.004718,23.794331,19.548993,-0.047334
2005-12,23.794331,19.281524,18.380654,32.963719,12.801667,0.485077,25.381106,18.290914,-7.090193,10.966765,17.4055,0.055876,0.599689,0.0,0.0,0.0,0.002815,2.001711,1672.0,-0.47835,0.016746,44.827486,38.783395,-0.056709
2006-01,44.827486,31.324458,25.227289,26.179948,19.708484,0.610331,34.806523,19.049145,-15.757378,24.633637,19.54953,0.011868,0.512625,-0.022379,0.0,0.0,0.005303,1.527188,1682.0,-0.535233,0.003843,21.473645,15.69053,-0.014915
2006-02,22.899857,31.879106,25.625899,23.01484,20.057717,0.612639,35.629027,19.511866,-16.117161,19.263624,19.517651,-0.008858,0.360011,-0.04255,0.0,0.0,0.005472,1.733941,1691.0,-0.667776,0.002257,16.457114,10.557819,-0.007008
2006-03,16.037011,30.229442,25.353465,22.544103,20.239199,0.637253,35.184718,19.730564,-15.454154,17.085893,19.390331,-0.008189,0.413768,-0.052973,0.0,0.0,0.005357,2.038939,1696.0,-0.643377,0.001557,13.670717,9.501303,0.0113
2006-04,15.00924,18.09354,25.373523,22.072967,20.203056,0.633976,34.570844,17.988522,-16.582322,16.631341,18.161306,0.059721,0.56431,-0.0224,0.0,0.0,0.005365,1.673263,1691.0,-0.574903,0.003539,20.608676,17.420552,-0.036444
2006-05,20.659905,17.319714,25.66307,22.179009,20.967139,0.667515,34.805998,18.896111,-15.909887,23.657279,18.990763,-0.093606,0.358318,-0.099838,0.0,0.0,0.005488,1.426969,1695.0,-0.317012,0.006937,28.8524,19.098969,0.00871
2006-06,28.8524,22.290219,26.639737,22.831451,20.897899,0.615383,37.011675,27.13705,-9.874625,28.093273,21.614948,-0.020514,0.286948,-0.118303,0.0,0.0,0.005914,0.950534,1698.0,-0.473808,0.001006,10.989935,4.32045,0.054169
2006-07,11.112614,21.468911,20.320334,22.590321,13.752864,0.458062,30.418569,27.365138,-3.053431,20.680453,20.95127,0.021758,0.172642,-0.121416,0.0,0.0,0.003441,0.783411,1710.0,-0.349519,0.003329,19.987367,14.864445,-0.021503
2006-08,19.866891,21.234677,19.376326,22.714153,13.59906,0.492578,27.162695,26.509492,-0.653202,13.387314,19.872972,0.051202,0.262853,-0.084002,0.0,0.0,0.003129,0.766993,1727.0,-0.329481,0.00474,23.84873,19.576521,-0.090952
2006-09,23.84873,19.052869,20.734822,23.177606,15.173328,0.535502,27.734434,26.855235,-0.8792,12.385945,19.429784,0.016442,0.111438,-0.068941,0.0,0.0,0.003583,0.635704,1729.0,-0.496715,0.002634,17.77818,12.062694,0.024431
2006-10,17.961896,20.691234,21.083605,23.326646,15.488083,0.539642,29.20684,31.014257,1.807416,14.387267,19.404564,-8.9e-05,0.137903,-0.076641,0.0,0.0,0.003704,0.590228,1742.0,-0.507944,0.000793,9.754741,7.953905,-0.028122
2006-11,8.542182,18.073936,19.732833,22.995825,14.120918,0.512091,27.538987,29.98306,2.444073,9.47547,17.253571,0.042768,0.083067,-0.029576,0.0,0.0,0.003245,0.477216,1748.0,-0.401788,0.002614,17.711089,7.848383,0.073772
2006-12,17.899688,15.635712,17.632171,22.622921,12.201287,0.47885,23.400101,24.341949,0.941848,12.805185,14.548664,0.012624,0.039061,-0.031537,0.0,0.0,0.002591,0.51578,1763.0,-0.323039,0.00316,19.472508,13.239849,0.019659
2007-01,16.806116,16.207161,18.58493,19.718781,13.227848,0.50659,21.502286,23.80237,2.300083,14.506833,12.900266,-0.052779,0.012749,-0.081652,0.0,0.0,0.002878,0.573686,1768.0,-0.330145,0.002637,17.788751,8.597759,0.078451
2007-02,17.922108,18.407594,18.313613,18.837892,12.414759,0.459546,21.66553,23.631856,1.966326,15.219414,13.300833,0.038012,0.033797,-0.043981,0.0,0.0,0.002795,0.646449,1775.0,-0.255879,0.002704,18.014022,13.479993,-0.002997
2007-03,18.014022,18.677963,17.096044,19.111041,10.812743,0.400019,22.026666,23.10892,1.082254,16.238073,14.000317,0.029899,0.093526,-0.015396,0.0,0.0,0.002436,0.688529,1778.0,-0.331861,0.00671,28.376052,11.519092,0.123823
2007-04,28.376052,21.99172,19.342128,20.246495,10.71196,0.306711,21.899156,17.01533,-4.883825,11.572392,13.51297,0.058584,0.048473,-0.010338,0.0,0.0,0.003118,0.717481,1773.0,-0.142025,0.010615,35.690802,18.709433,0.157113
2007-05,35.690802,28.305115,23.874872,22.019967,12.753293,0.28534,26.320803,16.895941,-9.424861,12.351062,13.887763,0.102171,0.260362,0.0,0.0,0.0,0.00475,0.708576,1775.0,-0.014604,0.008985,32.83653,25.760523,-0.025913
2007-06,36.147426,32.533689,26.469704,22.726485,16.348996,0.381491,29.002335,17.540107,-11.462228,18.792715,14.65325,0.050484,0.412038,-0.037244,0.0,0.0,0.005839,0.901531,1782.0,-0.197694,0.005328,25.285287,12.411015,0.118092
2007-07,25.285287,31.612187,27.226854,23.336408,16.128465,0.350906,31.144029,17.472215,-13.671813,23.932331,16.592317,0.102148,0.501195,-0.033117,0.0,0.0,0.006178,0.903351,1799.0,-0.490582,0.008615,32.152621,17.199058,0.107765
2007-08,32.139684,30.284069,29.311298,24.439114,17.213793,0.344892,39.423709,26.180458,-13.243251,40.56509,23.231852,0.00626,0.400132,-0.064381,0.0,0.0,0.00716,0.979216,1801.0,-0.716372,0.007186,29.365792,15.365029,0.101236
2007-09,35.410229,29.220409,30.889519,24.961253,17.561255,0.323213,40.20938,26.27647,-13.932909,21.092803,23.711222,0.076242,0.39721,-0.02908,0.0,0.0,0.007951,1.086355,1802.0,-0.827791,0.009712,34.137799,17.581741,0.177698
2007-10,33.434026,32.489033,31.923382,26.372725,18.575778,0.338592,40.766067,29.813508,-10.952559,24.28248,25.256947,0.046927,0.49153,0.0,0.0,0.0,0.008493,1.216351,1806.0,-0.881016,0.017626,45.990388,33.371338,-0.065659
2007-11,45.512238,37.487165,34.469263,29.345218,21.519161,0.389751,43.819294,30.398236,-13.421059,30.864555,27.925644,-0.076286,0.323367,-0.077021,0.0,0.0,0.009901,1.42336,1816.0,-0.830821,0.008658,32.232816,26.04747,-0.050582
2007-12,35.463961,37.963089,33.955655,30.60749,21.604148,0.404809,43.383687,29.919224,-13.464462,20.118879,27.890228,0.014412,0.306148,-0.085646,0.0,0.0,0.009608,1.214212,1829.0,-0.833388,0.012516,38.754837,31.976648,-0.105078
2008-01,37.456556,39.463686,36.108125,31.862638,24.683436,0.467306,48.353944,31.619477,-16.734467,32.25989,29.93348,-0.123193,0.177935,-0.214725,0.0,0.0,0.010865,0.968501,1840.0,-0.779221,0.010012,34.661597,12.913216,0.17545
2008-02,42.97073,39.593315,37.652442,33.141574,24.493481,0.42317,44.721079,24.599219,-20.12186,27.546004,25.957678,0.049514,0.169768,-0.172223,0.0,0.0,0.011814,0.906271,1844.0,-0.922083,0.003823,21.419802,14.94652,0.020908
2008-03,21.419802,33.15374,36.088207,33.294455,24.608628,0.464991,44.102121,24.959575,-19.142545,21.498749,25.871621,-0.004683,0.161859,-0.1761,0.0,0.0,0.010853,0.941239,1843.0,-0.739031,0.00328,19.838421,12.143256,0.035996
2008-04,19.838421,29.993635,33.873054,33.167801,24.172599,0.509258,42.820452,21.875717,-20.944735,14.985474,24.924407,0.06554,0.179738,-0.122102,0.0,0.0,0.009562,0.796547,1837.0,-0.518216,0.003143,19.421253,13.869815,0.027208
2008-05,20.504173,20.733857,32.071004,32.125093,21.162795,0.435433,41.142905,19.001471,-22.141434,15.93494,23.367734,0.014826,0.123979,-0.109961,0.0,0.0,0.008571,0.926822,1845.0,-0.367089,0.001927,15.207828,8.320608,0.023711
2008-06,15.438029,18.591803,27.385405,30.792678,17.67472,0.41655,36.516045,18.64243,-17.873615,17.203451,22.299197,-0.090501,-0.094521,-0.195553,0.0,0.0,0.00625,1.396818,1852.0,-0.465551,0.00324,19.716716,15.160654,0.007974
2008-07,19.300701,18.563307,25.303843,30.214606,16.515856,0.426019,33.639331,18.277651,-15.36168,26.579043,22.166973,-0.020903,-0.21164,-0.238227,0.0,0.0,0.005336,1.122775,1864.0,-0.473089,0.0025,17.321767,2.028268,0.130406
2008-08,18.325335,17.512572,19.190922,29.822993,12.382448,0.416314,25.745326,20.57477,-5.170556,17.721372,19.798036,-0.069825,-0.168902,-0.298462,0.0,0.0,0.003069,0.61129,1864.0,-0.373199,0.010712,35.852743,24.072766,-0.032304
2008-09,35.852743,25.610493,22.376319,30.22405,14.433836,0.416089,27.872956,32.940478,5.067522,40.559764,24.261973,-0.021716,-0.234921,-0.313697,0.0,0.0,0.004172,0.367328,1876.0,-0.367079,0.032116,62.080301,33.255993,0.163685
2008-10,61.61927,42.581007,32.846146,33.532775,19.065775,0.33693,38.758387,57.998231,19.239843,85.760856,42.120848,-0.232003,-0.441955,-0.475724,1.0,0.0,0.008991,0.373863,1892.0,-0.233145,0.025244,55.038542,41.969131,-0.089963
2008-11,56.43783,52.181172,38.920206,35.660424,25.000196,0.412607,42.091815,67.332972,25.241158,55.001574,47.136511,-0.004101,-0.421426,-0.491782,1.0,0.0,0.012623,0.296145,1899.0,-0.152521,0.008036,31.053852,24.987705,-0.085122
2008-12,31.053852,51.14537,40.445928,34.530027,26.766559,0.437961,43.968965,69.4451,25.476134,40.809897,49.499618,0.044053,-0.413786,-0.469393,1.0,1.0,0.013632,0.300592,1905.0,-0.196074,0.009402,33.589563,25.344421,-0.044953
2009-01,34.971272,43.25517,42.105455,34.821615,28.040762,0.443509,44.224059,71.874256,27.650197,38.633621,50.754326,0.044584,-0.291557,-0.448322,1.0,1.0,0.014774,0.318725,1912.0,-0.298405,0.0111,36.496484,27.710923,-0.109106
2009-02,37.024513,33.822921,44.03344,33.974628,30.225604,0.471178,44.147587,72.870101,28.722514,30.417313,51.698683,-0.080613,-0.377329,-0.491238,1.0,0.0,0.016158,0.318476,1914.0,-0.3329,0.005417,25.496935,18.143262,0.015086
2009-03,25.445172,32.685761,42.738724,34.135295,29.527296,0.477314,41.257463,68.971914,27.714451,26.894463,50.530892,0.185696,-0.284922,-0.421448,1.0,1.0,0.015222,0.322446,1913.0,-0.445392,0.016006,43.826597,37.269437,-0.269022
2009-04,43.428817,35.896613,39.220096,35.945296,30.872895,0.619637,34.326085,58.260489,23.934404,29.440869,42.157986,0.114856,-0.249262,-0.34063,1.0,1.0,0.012818,0.351311,1888.0,-0.246765,0.006038,26.916542,20.427055,-0.056065
2009-05,29.829428,33.142946,33.484659,36.383268,26.385574,0.620928,26.375472,45.120486,18.745014,23.162511,33.401251,0.078775,-0.228987,-0.323928,1.0,1.0,0.009344,0.440497,1880.0,-0.22037,0.002042,15.654736,8.161056,0.050416
2009-06,15.458242,31.039446,31.873235,36.317489,24.63898,0.597576,23.507934,42.223023,18.715089,20.850929,29.158006,-0.025298,-0.174067,-0.331627,1.0,0.0,0.008466,0.492556,1882.0,-0.349538,0.001644,14.046753,9.953037,0.020643
2009-07,12.204992,19.331228,28.848472,36.132606,22.333385,0.599327,21.578734,36.840803,15.262069,19.810212,25.769505,0.09576,-0.013618,-0.25607,1.0,1.0,0.006935,0.476229,1887.0,-0.196932,0.004719,23.796714,9.565756,0.145104
2009-08,23.796714,18.062813,26.564707,36.397399,19.686424,0.549191,21.555153,32.862507,11.307355,16.135095,22.470814,0.023187,0.085016,-0.23882,1.0,1.0,0.005881,0.652014,1883.0,-0.28035,0.003399,20.196421,7.097209,0.092561
2009-09,17.624803,19.315784,25.227682,35.311347,17.656912,0.489863,23.038864,30.908776,7.869912,14.383317,20.353817,0.025188,0.163905,-0.205456,1.0,1.0,0.005304,0.734607,1882.0,-0.349971,0.003966,21.81558,17.417938,-0.024718
2009-10,21.81558,21.8682,20.451439,31.14707,12.388007,0.366906,23.788539,21.424397,-2.364142,18.255625,18.459134,-0.053144,0.434968,-0.247681,1.0,0.0,0.003486,1.064849,1879.0,-0.385437,0.00341,20.227814,13.10555,-0.013404
2009-11,20.227814,19.964282,19.434194,27.360523,11.204729,0.332407,24.914495,19.379087,-5.535408,22.907722,18.880509,-0.017983,0.477749,-0.26121,1.0,0.0,0.003147,0.993706,1875.0,-0.517685,0.005912,26.635014,18.783452,0.012625
2009-12,26.635014,23.054341,21.267371,26.694555,13.063109,0.377281,23.944643,20.100633,-3.84401,11.330403,17.704385,0.083652,0.466372,-0.199409,1.0,1.0,0.003769,0.797575,1876.0,-0.496197,0.014422,41.600771,36.320231,-0.104501
2010-01,42.465852,31.076041,26.768486,27.827919,19.531988,0.532409,24.274209,24.020246,-0.253963,17.617959,17.309194,-0.039463,0.380898,-0.23643,1.0,0.0,0.005971,0.858683,1871.0,-0.293547,0.003007,18.994566,15.943832,-0.026952
2010-02,21.215361,31.141783,26.252634,26.449975,20.214242,0.592883,24.252954,24.981674,0.72872,21.192985,17.863279,-0.018995,0.560031,-0.238793,1.0,0.0,0.005743,0.812936,1867.0,-0.465096,0.002099,15.871017,6.835703,0.098395
2010-03,14.768238,29.300083,25.636094,25.763246,20.22165,0.622199,22.817458,24.424247,1.606789,11.242236,17.400593,0.045131,0.361555,-0.194722,1.0,1.0,0.005477,0.707687,1868.0,-0.727234,0.003395,20.183437,12.382766,0.072814
2010-04,18.946207,18.439576,25.551304,23.166884,19.773494,0.598881,21.059226,24.454443,3.395218,11.957891,16.50014,0.012506,0.230366,-0.172478,1.0,1.0,0.005441,0.647699,1865.0,0.243526,0.007518,30.036885,17.778408,0.137136
2010-05,30.314912,22.814285,27.297456,23.554631,20.224563,0.548926,23.537787,28.33748,4.799693,23.465016,18.147389,-0.052256,0.138021,-0.219635,1.0,0.0,0.00621,0.622816,1849.0,-0.282552,0.00495,24.371149,16.673573,0.030257
2010-06,24.371149,25.226781,27.413343,24.174442,19.989287,0.531705,22.648082,26.888403,4.240321,14.174546,17.009566,0.03163,0.204489,-0.194952,1.0,1.0,0.006262,0.624983,1849.0,-0.228819,0.004942,24.351687,18.474867,-0.041803
2010-07,23.450973,26.39264,22.805432,24.869492,15.218772,0.445331,22.382649,22.776661,0.394012,11.609706,16.513558,0.038213,0.131016,-0.169927,0.0,0.0,0.004334,0.610267,1845.0,-0.385516,0.008329,31.614601,19.903954,0.057338
2010-08,28.969458,25.504293,24.762231,25.563216,15.977211,0.416315,22.152979,23.319791,1.166812,13.870045,15.208771,-0.023102,0.078163,-0.179324,0.0,0.0,0.00511,0.648531,1845.0,-0.383979,0.001262,12.304074,7.168777,0.048184
2010-09,13.125624,24.110011,24.674715,25.154578,16.001522,0.420551,22.389525,22.915667,0.526142,11.510484,15.025961,0.081076,0.095309,-0.119499,0.0,0.0,0.005074,0.566995,1849.0,-0.314907,0.003837,21.457531,16.270184,-0.020507
2010-10,21.457531,23.327139,24.890595,25.237016,16.571452,0.443252,22.519612,23.610794,1.091182,11.857276,14.894074,0.011696,0.136431,-0.1092,0.0,0.0,0.005163,0.570333,1850.0,-0.428706,0.007137,29.264799,17.917911,0.021383
2010-11,24.655098,22.259065,23.915262,26.015298,15.435952,0.416597,20.708146,20.515221,-0.192925,13.462288,12.822915,-0.008932,0.181614,-0.103311,0.0,0.0,0.004766,0.838299,1852.0,-0.58066,0.005276,25.162288,10.141274,0.155072
2010-12,23.851156,25.401357,24.236631,25.841573,14.765434,0.371149,20.563279,20.289052,-0.274227,9.718804,12.178706,0.058865,0.209376,-0.038618,0.0,0.0,0.004895,0.637879,1859.0,-0.548492,0.003208,19.618885,7.537682,0.11981
2011-01,19.618885,23.185827,23.542569,23.443184,14.100776,0.358739,19.912087,20.448852,0.536765,11.825967,12.148536,0.010337,0.272078,-0.02868,0.0,0.0,0.004619,0.684787,1864.0,-0.649164,0.004896,24.239254,12.932403,0.015166
2011-02,26.395892,24.180679,23.008422,23.86563,12.79469,0.309233,21.126639,19.142325,-1.984314,17.31501,12.813713,-0.067639,0.185498,-0.087451,0.0,0.0,0.004412,0.716672,1871.0,-0.714179,0.0108,35.999371,11.469079,0.215248
2011-03,35.896625,27.661112,26.529487,25.62941,13.192291,0.247276,23.00415,20.845721,-2.15843,18.158221,14.059699,0.087204,0.225436,-0.013018,0.0,0.0,0.005865,0.611865,1873.0,-0.93411,0.008758,32.419154,15.610551,0.149349
2011-04,32.419154,31.515298,28.311848,26.685073,13.061307,0.212832,24.942784,20.036838,-4.905946,13.085728,14.329641,0.035339,0.230774,-0.011561,0.0,0.0,0.00668,0.629132,1856.0,-0.283382,0.013587,40.379244,27.632711,-0.003629
2011-05,40.996918,36.411718,30.907268,27.846703,15.687248,0.257616,28.353172,19.505709,-8.847463,21.87141,15.844657,-0.032422,0.304283,-0.041152,0.0,0.0,0.00796,0.682312,1852.0,-0.458716,0.00452,23.290636,18.202298,-0.060295
2011-06,23.290636,32.787909,30.432153,27.669275,17.093845,0.315511,28.481108,17.754169,-10.726939,14.966887,16.321263,-0.018235,0.1908,-0.058636,0.0,0.0,0.007718,0.627372,1856.0,-0.459078,0.004532,23.321078,21.403398,-0.15312
2011-07,23.321078,30.370346,30.985236,27.630134,18.688331,0.363774,28.910189,18.916162,-9.994027,14.063194,16.82373,0.022684,0.197565,-0.037283,0.0,0.0,0.008001,0.609346,1866.0,-0.50923,0.020241,49.283708,38.300555,-0.000906
2011-08,49.19569,34.230637,35.320586,29.704997,23.761911,0.452592,36.718474,29.444416,-7.274058,44.016024,23.707841,-0.130043,0.086811,-0.147231,0.0,0.0,0.010396,0.675293,1872.0,-0.376177,0.004376,22.914752,12.017042,0.064362
2011-09,23.586491,34.145973,33.473829,30.200423,23.837048,0.507101,41.276104,33.690476,-7.585628,42.791678,28.3956,-0.042161,-0.045711,-0.198276,0.0,0.0,0.009337,0.640502,1875.0,-0.268764,0.007949,30.884909,26.483285,-0.101939
2011-10,31.447799,36.091983,33.574188,30.88093,25.547231,0.578997,43.136814,36.855126,-6.281688,28.207033,30.169878,0.081767,-0.007668,-0.133958,0.0,0.0,0.009394,0.546626,1876.0,-0.562749,0.005775,26.325962,21.421827,-0.007384
2011-11,26.057316,27.100162,30.787524,30.847454,24.361958,0.626145,41.264162,39.679359,-1.584803,29.925497,31.301092,-0.029935,-0.03898,-0.159307,0.0,0.0,0.007899,0.582028,1881.0,-0.537973,0.004091,22.156201,20.819195,-0.122549
2011-12,22.156201,26.694763,30.647658,30.540095,24.708788,0.649992,41.352086,41.624255,0.27217,25.300214,32.389924,-0.008399,-0.089476,-0.166368,0.0,0.0,0.007827,0.574217,1888.0,-0.655536,0.003566,20.68713,20.534955,-0.19187
2012-01,20.763213,23.179811,30.330965,30.672598,24.585804,0.657047,40.866262,41.85054,0.984278,16.011919,32.569611,0.06737,-0.056139,-0.111573,0.0,0.0,0.007666,0.590836,1898.0,-0.750414,0.007113,29.214852,23.703394,-0.092441
2012-02,29.214852,24.520067,25.749835,30.894708,21.298053,0.684118,32.821869,35.655069,2.8332,13.039302,27.677866,0.03944,0.038524,-0.076534,0.0,0.0,0.005525,0.574326,1901.0,-0.737358,0.002102,15.883402,8.609874,0.066059
2012-03,15.883402,22.634053,24.85513,29.432746,21.159905,0.724762,24.940539,30.980791,6.040252,10.664848,21.875365,-0.00889,-0.02067,-0.084743,0.0,0.0,0.005148,0.54957,1900.0,-0.639484,0.00195,15.295433,5.846078,0.110634
2012-04,15.544572,21.17544,22.21895,28.529781,18.185046,0.669856,19.722286,27.973867,8.251581,12.237595,19.300839,-0.020191,-0.095449,-0.103859,0.0,0.0,0.004114,0.54917,1890.0,-0.356023,0.003673,20.994589,11.903458,0.065114
2012-05,20.994589,17.636144,21.533792,26.851064,16.668198,0.599151,19.683435,26.190078,6.506643,20.834339,17.439843,-0.065807,-0.110767,-0.162831,0.0,0.0,0.003864,0.54355,1887.0,-0.460271,0.003725,21.141604,15.768197,0.021264
2012-06,22.539706,19.613429,21.18033,26.374743,15.891386,0.562935,19.209586,25.139692,5.930105,20.258987,16.075357,0.008742,-0.089896,-0.155232,0.0,0.0,0.003738,0.552411,1893.0,-0.492819,0.003312,19.936947,15.460542,-0.009857
2012-07,19.912065,20.698003,20.938082,26.057597,14.747721,0.496108,19.147225,25.031836,5.884611,19.288178,16.619093,0.012016,-0.128466,-0.146064,0.0,0.0,0.003653,0.529531,1897.0,-0.36751,0.004083,22.1347,10.957083,0.115844
2012-08,21.835516,20.626906,19.413911,22.803003,11.956316,0.379288,19.066738,23.739891,4.673153,13.118262,16.595029,0.018429,0.046289,-0.131358,0.0,0.0,0.003141,0.555203,1899.0,-0.53652,0.002412,17.014681,9.705727,0.066142
2012-09,17.659242,19.79844,19.605697,22.379692,12.0954,0.380606,20.448798,23.814264,3.365467,15.525084,17.222585,0.047097,0.165187,-0.090768,0.0,0.0,0.003203,0.860625,1894.0,-0.333333,0.004203,22.457668,12.191348,0.095921
2012-10,22.457668,20.686478,20.692242,21.469171,12.859785,0.386236,22.031849,22.983167,0.951318,10.813824,17.063044,-0.040306,-0.001589,-0.127415,0.0,0.0,0.003568,0.673903,1890.0,-0.358424,0.006807,28.581413,17.187924,0.029542
2012-11,25.768308,23.171415,21.936086,21.748265,13.820136,0.396923,21.1474,21.198022,0.050622,11.574143,15.54246,0.015554,0.042689,-0.119434,0.0,0.0,0.00401,0.703396,1892.0,-0.624814,0.007769,30.532704,28.028626,-0.121581
2012-12,31.774285,27.669922,23.916874,22.591492,16.756241,0.490845,21.294815,18.68594,-2.608875,8.68284,13.770407,0.033839,0.065505,-0.09369,1.0,1.0,0.004767,0.578785,1902.0,-0.368128,0.002086,15.821668,12.156182,-0.030256
2013-01,15.234404,25.873418,23.604446,22.229324,16.590404,0.493999,21.093817,17.49633,-3.597487,9.071015,12.154357,-0.030176,0.000815,-0.106726,1.0,0.0,0.004643,0.494484,1898.0,-0.315523,0.001863,14.95145,7.999873,0.059674
2013-02,16.55759,22.843805,23.178805,21.096673,15.99807,0.47638,21.617377,17.253685,-4.363692,10.626774,11.530625,0.038846,0.01239,-0.074841,0.0,0.0,0.004477,0.481118,1899.0,-0.482759,0.001475,13.302404,8.718095,0.034013
2013-03,13.583296,15.604369,22.342362,20.926654,15.903005,0.506641,20.148962,16.673991,-3.47497,9.798346,10.274766,0.004923,-0.001752,-0.080068,0.0,0.0,0.00416,0.513776,1896.0,-0.696292,0.008574,32.075709,12.434468,0.205682
2013-04,32.068151,22.2108,23.973429,22.494164,15.963076,0.443377,19.682427,18.07166,-1.610767,12.098608,10.500229,-0.011553,0.019537,-0.094602,1.0,0.0,0.004789,0.565254,1886.0,-0.566332,0.005171,24.910673,22.456433,-0.115934
2013-05,24.910673,24.673513,23.776266,22.826315,17.603183,0.548145,18.223177,17.724311,-0.498866,9.837604,10.287257,0.022976,0.118786,-0.0738,0.0,0.0,0.004711,0.654761,1878.0,-0.094697,0.00824,31.445672,27.9636,-0.072136
2013-06,31.606772,29.720725,23.729269,23.686378,17.03709,0.515492,20.842654,18.663854,-2.1788,19.934779,12.619813,-0.073196,0.033216,-0.140884,1.0,0.0,0.004692,0.598338,1877.0,-0.238266,0.002903,18.663636,16.572863,-0.106055
2013-07,17.749677,25.545405,23.936242,23.791493,17.662327,0.544482,20.98539,19.749134,-1.236257,14.662196,13.252524,0.032968,0.091147,-0.115413,1.0,1.0,0.004775,0.510566,1877.0,-0.245036,0.002752,18.172735,15.974766,-0.075366
2013-08,18.172735,23.575481,24.130743,23.659562,18.469472,0.585825,21.191827,20.158998,-1.032829,13.141707,13.623218,0.00147,0.017106,-0.114112,0.0,0.0,0.004852,0.521262,1876.0,-0.255305,0.001762,14.539943,9.625581,0.00051
2013-09,14.691082,17.228032,24.293518,23.354624,18.544429,0.582701,20.832778,20.288302,-0.544476,9.172844,13.491505,0.054505,0.011364,-0.083006,0.0,0.0,0.004918,0.427783,1877.0,-0.186992,0.002071,15.766106,5.644987,0.095891
2013-10,15.766106,16.321494,21.657418,22.757492,18.047708,0.694434,19.414328,19.067668,-0.34666,9.241919,13.148114,0.01692,0.058475,-0.06749,0.0,0.0,0.003909,0.426134,1878.0,-0.312707,0.000796,9.771605,5.650147,0.034056
2013-11,9.771605,13.661164,19.51425,21.685892,15.969863,0.669728,18.806636,18.420835,-0.385801,12.623183,13.496687,0.003744,0.089124,-0.063999,0.0,0.0,0.003173,0.46171,1885.0,-0.375636,0.001825,14.798519,11.649967,-0.003484
2013-12,15.256475,14.335908,15.589199,20.162902,11.707848,0.564036,14.256218,18.325542,4.069324,7.888956,12.191547,-0.017179,0.016851,-0.080054,0.0,0.0,0.002025,0.461685,1884.0,-0.353579,0.002483,17.260851,12.664728,-0.045189
2014-01,17.263861,15.316945,15.406229,20.139268,11.014551,0.511141,12.938417,16.698982,3.760565,12.45987,10.83782,-0.024917,-0.017656,-0.106676,0.0,0.0,0.001978,0.389781,1882.0,-0.327124,0.002384,16.912621,8.969009,0.061868
2014-02,17.671101,16.517672,15.209236,20.22547,9.478994,0.388427,13.495274,15.44567,1.950397,11.482699,10.700972,0.036318,-0.009585,-0.085598,1.0,1.0,0.001928,0.423396,1883.0,-0.450698,0.001832,14.827264,11.309098,-0.001139
2014-03,14.827264,16.755493,15.536919,20.274965,9.731786,0.392333,14.524174,15.366346,0.842171,10.944252,10.827018,0.004852,0.025478,-0.081161,1.0,1.0,0.002012,0.433498,1881.0,-0.403058,0.004931,24.325247,17.104354,0.031169
2014-04,24.128069,19.12766,17.32738,19.513355,11.753999,0.460156,15.513208,17.584783,2.071576,6.033638,10.572817,-0.008965,0.032413,-0.085956,0.0,0.0,0.002502,0.450423,1875.0,-0.328111,0.002218,16.315565,2.445863,0.134769
2014-05,16.372501,19.026175,17.7818,18.766011,11.675259,0.431104,15.989901,17.449137,1.459236,8.88276,9.790534,0.011324,0.00584,-0.072262,0.0,0.0,0.002635,0.431639,1874.0,-0.248823,0.004781,23.952516,16.20069,0.016594
2014-06,24.005473,21.87227,19.719541,18.599977,13.063258,0.438843,15.787239,19.372644,3.585405,9.498101,9.93723,-0.008425,0.06722,-0.070924,0.0,0.0,0.003241,0.502402,1875.0,-0.585999,0.002458,17.175287,13.141289,-0.008347
2014-07,17.069272,19.465973,19.856823,17.590466,12.703457,0.409284,16.264112,18.678259,2.414147,6.517471,9.141486,0.025334,0.106059,-0.039708,0.0,0.0,0.003286,0.474897,1878.0,-0.695938,0.001914,15.154027,9.662651,0.02197
2014-08,15.214579,19.153362,19.186451,17.249973,12.61586,0.432359,15.741867,18.361881,2.620015,9.119363,8.663802,-0.000328,0.105302,-0.035566,0.0,0.0,0.003068,0.532156,1880.0,-0.652529,0.00379,21.325765,10.681552,0.095
2014-09,21.396344,18.081096,20.06082,17.974777,12.546715,0.391167,15.688296,19.084019,3.395723,6.91319,8.143999,-0.023666,0.022508,-0.056455,0.0,0.0,0.003354,0.565206,1881.0,-0.878685,0.014017,41.012387,27.448491,0.082035
2014-10,41.012387,28.660082,24.250868,21.055318,15.404167,0.40348,16.765122,20.299114,3.533992,12.704574,9.298443,-0.023018,-0.021383,-0.078174,0.0,0.0,0.004901,0.599496,1888.0,-0.873554,0.027611,57.561882,47.909653,-0.121438
2014-11,58.166342,42.688014,33.184067,26.561147,24.803806,0.558698,19.864203,24.301757,4.437553,8.42174,9.243287,0.009917,-0.00189,-0.071975,0.0,0.0,0.009177,0.607198,1897.0,-0.87535,0.004678,23.694105,17.679591,-0.019309
2014-12,23.694105,43.077181,33.012666,27.211231,24.97639,0.572398,20.549621,23.681256,3.131635,11.269579,9.5107,-0.030002,-0.00319,-0.099818,0.0,0.0,0.009082,0.577378,1908.0,-0.899471,0.009387,33.561799,22.661035,0.113696
2015-01,33.561799,41.114184,35.274109,28.513102,26.185147,0.551059,20.983227,26.009461,5.026234,10.940561,10.19062,0.024792,0.021874,-0.077501,0.0,0.0,0.010369,0.553324,1899.0,-1.029025,0.004561,23.395703,20.125171,-0.061519
2015-02,27.234042,29.844188,36.007801,28.840639,27.178081,0.569698,20.292135,26.332543,6.040408,6.898728,9.923688,0.029245,0.051411,-0.056661,0.0,0.0,0.010805,0.660497,1898.0,-1.09904,0.007224,29.442152,17.516535,0.079927
2015-03,24.893548,29.640115,36.982831,29.69934,27.648679,0.558918,20.381226,27.035731,6.654506,9.90201,10.14423,0.025367,0.081308,-0.028664,0.0,0.0,0.011398,0.7157,1893.0,-1.353741,0.004888,24.219656,16.563373,0.048189
2015-04,22.983423,26.064078,35.394865,29.692307,27.749228,0.614641,20.468878,25.228765,4.759887,8.980106,9.741766,0.049738,0.085657,-0.019426,0.0,0.0,0.01044,0.827198,1888.0,-0.681289,0.009343,33.484601,17.932097,0.119686
2015-05,34.035145,29.31692,31.36721,30.902595,21.566225,0.472712,19.231616,22.491091,3.259476,10.679673,9.8121,-0.014417,0.082663,-0.02022,0.0,0.0,0.008199,0.874309,1889.0,-0.913474,0.005389,25.430202,7.267737,0.186169
2015-06,25.36213,28.078245,28.839916,31.170494,17.674979,0.375604,19.422578,21.25178,1.829202,10.227123,9.716464,-0.007778,0.093831,-0.032544,0.0,0.0,0.006931,1.00816,1891.0,-1.157407,0.018747,47.430432,38.553161,0.051734
2015-07,45.142224,36.594897,31.768874,33.538708,21.782727,0.470133,25.530845,19.645223,-5.885622,13.897102,10.422374,-0.039223,0.03559,-0.05367,0.0,0.0,0.008411,1.084884,1889.0,-1.132422,0.011459,37.082444,27.494557,0.006662
2015-08,37.695793,37.436141,33.163604,34.905797,22.176188,0.447147,30.753177,20.125748,-10.62743,20.297223,13.020697,-0.038406,-0.016826,-0.096293,0.0,0.0,0.009165,0.972284,1919.0,-1.054244,0.013791,40.681324,33.04374,-0.133032
2015-09,40.87717,41.951256,35.695208,36.335007,25.764676,0.52099,34.810337,20.645729,-14.164608,18.747377,14.571794,0.011682,-0.005736,-0.087527,0.0,0.0,0.010618,0.989857,1923.0,-1.360477,0.00752,30.039699,25.632109,-0.035347
2015-10,30.039699,36.539451,36.467697,36.171177,26.973971,0.547108,35.0293,21.188703,-13.840597,8.32123,14.499984,0.034342,0.078813,-0.056191,0.0,0.0,0.011082,0.972169,1927.0,-0.975768,0.010087,34.790841,14.627065,0.072142
2015-11,34.790841,35.513984,36.596328,33.273966,26.63945,0.529877,36.159313,21.320808,-14.838505,13.496453,14.884606,-0.015776,0.038542,-0.07108,0.0,0.0,0.011161,1.162558,1939.0,-1.098804,0.007467,29.934462,18.182748,-0.040587
2015-12,29.934462,31.669429,37.167597,33.26538,27.494709,0.547229,37.814732,19.762199,-18.052533,12.428388,15.161243,-0.01421,0.042347,-0.08428,0.0,0.0,0.011512,1.164274,1975.0,-1.35645,0.00523,25.052094,14.574112,0.074069
2016-01,25.334081,30.215578,33.664941,32.796207,23.626869,0.492557,35.182477,20.685945,-14.496532,16.956178,15.672591,-0.022824,0.009322,-0.105061,0.0,0.0,0.009444,1.114895,1974.0,-1.396596,0.012427,38.616698,36.829877,-0.151513
2016-02,39.891928,31.805144,33.989005,34.097431,25.423987,0.559513,35.698328,21.511198,-14.187131,17.832291,15.7523,0.014536,-0.014256,-0.10922,0.0,0.0,0.009627,0.850111,1977.0,-1.670868,0.003179,19.532904,15.986478,-0.055653
2016-03,19.290164,31.452712,30.840779,33.171121,23.176502,0.564736,30.190837,20.329468,-9.861368,6.266061,13.366781,0.02751,-0.011002,-0.070121,0.0,0.0,0.007926,0.94069,1980.0,-1.554727,0.004638,23.591318,20.081855,-0.052069
2016-04,23.61828,29.037049,29.509674,33.173001,21.495513,0.530599,28.826502,20.286716,-8.539786,8.12159,13.284837,-0.002625,-0.05998,-0.069375,0.0,0.0,0.007257,0.631099,1995.0,-1.160067,0.003996,21.89746,13.963609,0.073337
2016-05,22.031863,21.73971,27.274349,32.294525,21.498603,0.621315,26.748764,20.369305,-6.379459,8.758002,12.927481,-0.007615,-0.066247,-0.073769,0.0,0.0,0.006199,0.706074,2003.0,-1.089778,0.002961,18.849702,14.683003,-0.04715
2016-06,18.849702,21.622689,27.234141,31.963245,21.327905,0.613294,26.86398,21.582383,-5.281597,16.116645,13.418046,-0.008787,-0.053305,-0.081908,0.0,0.0,0.006181,0.662846,2024.0,-1.014918,0.000663,8.919925,7.077093,-0.010273
2016-07,8.919925,17.514559,23.965889,29.344551,20.730093,0.748196,23.66029,19.656758,-4.003532,10.00796,12.25196,0.026679,-0.02761,-0.057414,0.0,0.0,0.004786,0.656671,2035.0,-1.45423,0.000925,10.538335,7.144756,0.002255
2016-08,10.303322,13.050362,18.090127,27.225954,13.967546,0.596152,17.019874,17.850738,0.830864,7.350778,10.223707,-0.005514,0.113774,-0.057775,0.0,0.0,0.002727,0.745161,2048.0,-0.83653,0.001708,14.315241,7.024669,0.042147
2016-09,14.680889,12.210066,17.364488,25.044613,12.823009,0.545326,17.739775,16.952672,-0.787102,12.59187,10.97504,0.007636,0.022973,-0.051346,0.0,0.0,0.002513,0.618933,2055.0,-0.808282,0.001459,13.230535,12.440752,-0.064846
2016-10,13.680902,12.833371,15.568262,23.571278,11.266734,0.52374,18.545344,16.090875,-2.45447,10.049805,11.094115,-0.037779,-0.023654,-0.076094,0.0,0.0,0.00202,0.66404,2066.0,-0.694165,0.001652,14.077864,10.132234,-0.006487
2016-11,13.323681,14.009066,13.688208,22.001692,10.193984,0.554619,21.235037,17.121445,-4.113592,15.326739,12.247144,-0.016271,-0.021064,-0.091082,0.0,0.0,0.001561,0.558035,2076.0,-0.48802,0.000855,10.129551,5.839925,0.026811
2016-12,10.129551,12.594194,12.403617,21.0989,9.071267,0.534859,19.577946,15.924486,-3.65346,9.006654,10.950028,0.026786,0.012941,-0.066735,0.0,0.0,0.001282,0.576606,2100.0,-0.457131,0.004661,23.650749,14.915011,0.01907
2017-01,23.72142,16.93273,15.023527,20.181706,10.119208,0.45368,20.478065,16.24632,-4.231745,7.761031,10.584575,0.016605,0.09706,-0.053126,0.0,0.0,0.001881,0.559973,2097.0,-0.177223,0.005227,25.043856,23.355945,-0.149293
2017-02,26.290124,20.799316,17.698807,17.928938,13.612863,0.591577,21.59176,16.121965,-5.469795,6.388253,10.464773,0.000906,0.074683,-0.045271,0.0,0.0,0.00261,0.486414,2101.0,-0.335871,0.004775,23.93753,12.472513,0.085871
2017-03,18.564466,24.241189,19.354238,18.364888,14.301401,0.546016,21.040695,16.354235,-4.686461,8.502137,9.884169,0.025834,0.064942,-0.015921,0.0,0.0,0.003122,0.599054,2103.0,-0.36741,0.00368,21.014143,13.507325,0.017198
2017-04,22.975744,23.845126,20.423577,18.172964,14.396323,0.496866,20.801212,16.820569,-3.980643,8.072242,9.638976,0.020618,0.06957,-0.001782,0.0,0.0,0.003476,0.460217,2098.0,0.25025,0.004652,23.628106,19.019037,-0.04467
2017-05,24.841923,23.115891,21.916631,18.652301,15.869048,0.524269,17.615936,15.582502,-2.033433,10.764297,8.490958,0.059662,0.177302,-0.002122,0.0,0.0,0.004003,0.464535,2096.0,0.219044,0.003941,21.745429,8.9441,0.08024
2017-06,21.745429,22.86907,23.2724,18.698354,16.132991,0.48056,17.676365,15.867978,-1.808387,7.917468,8.34105,0.020579,0.176833,-0.001377,0.0,0.0,0.004513,0.513481,2102.0,0.194099,0.002242,16.403123,7.517276,0.057453
2017-07,16.403123,21.284167,22.493369,18.928339,15.580935,0.47982,18.012632,15.849548,-2.163084,8.353066,8.545024,0.000716,0.158461,-0.022789,0.0,0.0,0.004216,0.480959,2104.0,-0.095424,0.002891,18.626206,15.599455,-0.033255
2017-08,18.606946,19.031961,21.091664,19.468414,13.413827,0.404468,17.150508,16.716787,-0.433722,10.838539,9.247164,-0.020329,0.130451,-0.035455,0.0,0.0,0.003707,0.453777,2105.0,0.148032,0.006328,27.555801,11.938461,0.117969
2017-09,27.555801,21.409102,22.124218,20.633026,13.861448,0.392538,17.386693,17.707263,0.32057,9.667631,9.40592,0.012019,0.13662,-0.023862,0.0,0.0,0.004079,0.461763,2108.0,0.0384,0.003248,19.741268,14.573023,-0.048621
2017-10,26.323351,23.014337,22.289498,21.090877,13.518339,0.367829,18.574128,17.428223,-1.145905,9.450998,9.712325,0.057757,0.218059,0.0,0.0,0.0,0.00414,0.4819,2120.0,-0.257402,0.005856,26.509808,20.787242,-0.088408
2017-11,24.512181,25.557621,22.791446,22.064027,14.933335,0.429309,18.764457,17.145629,-1.618828,7.822432,9.208616,-0.014746,0.267016,-0.027613,0.0,0.0,0.004329,0.510667,2131.0,-0.510292,0.006018,26.873967,15.671815,0.022695
2017-12,28.402364,26.831768,23.430504,23.196942,14.903764,0.404603,19.562526,17.768201,-1.794325,12.627676,9.901922,-0.01221,0.223092,-0.026536,0.0,0.0,0.004575,0.516412,2143.0,-0.566715,0.00564,26.015631,19.400304,-0.047132
2018-01,25.974302,26.468806,24.801788,23.558213,16.778475,0.457656,21.35404,17.925517,-3.428523,11.969345,10.791982,0.047777,0.273377,-0.012431,0.0,0.0,0.005126,0.551662,2144.0,-0.673288,0.003319,19.958424,14.303692,-0.001071
2018-02,20.824833,25.877034,25.084102,23.418556,16.970815,0.457729,22.509129,18.780482,-3.728648,18.931196,12.065929,-0.056817,0.199861,-0.066342,0.0,0.0,0.005243,0.726309,2147.0,-0.901519,0.005145,24.847202,15.63453,0.029897
2018-03,24.847202,24.182445,25.68155,23.317195,17.468306,0.462657,25.067992,19.629814,-5.438178,17.789414,13.612767,0.00902,0.170963,-0.057921,0.0,0.0,0.005496,0.679509,2147.0,-1.321967,0.006898,28.770701,23.506442,-0.051298
2018-04,28.770701,25.025389,25.71481,24.16568,18.56596,0.521277,25.526099,18.871669,-6.65443,9.592403,13.665349,0.026107,0.207121,-0.033326,0.0,0.0,0.00551,0.667752,2152.0,-0.714286,0.012597,38.879083,29.122209,-0.047981
2018-05,40.610864,31.446918,28.768082,25.843722,21.093525,0.537621,27.852986,19.746227,-8.106759,10.750643,14.025194,-0.026281,0.099601,-0.064253,0.0,0.0,0.006897,0.703685,2156.0,-1.095238,0.005946,26.712775,18.024879,0.000255
2018-06,27.167378,32.846893,28.469173,26.204722,20.805816,0.534097,29.037186,18.988881,-10.048305,15.224037,14.557707,-0.054713,0.015649,-0.106268,0.0,0.0,0.006754,0.750342,2165.0,-0.683423,0.004859,24.147875,20.545194,-0.087749
2018-07,24.026089,31.561873,27.978253,26.407362,20.960363,0.56125,29.255124,19.004287,-10.250837,9.272182,14.413578,0.00586,-0.025537,-0.123254,0.0,0.0,0.006523,0.650617,2170.0,-1.229142,0.006139,27.14088,17.474111,0.05211
2018-08,26.367078,26.034078,28.867645,27.02674,21.242436,0.541484,28.74028,17.633171,-11.107109,11.552652,13.115,0.011203,0.020862,-0.10703,0.0,0.0,0.006945,0.614289,2179.0,-1.042306,0.00202,15.571109,6.556953,0.054471
2018-09,19.948002,23.433505,28.36644,27.000846,20.609893,0.527888,27.377945,16.83724,-10.540705,8.808119,11.649112,0.020116,0.022233,-0.100027,0.0,0.0,0.006705,0.701135,2188.0,-1.494937,0.007489,29.977624,25.527114,-0.0808
2018-10,29.977624,25.167838,28.523533,27.111605,21.341412,0.559809,31.42297,20.105496,-11.317475,25.3925,14.99766,-0.143581,-0.15865,-0.229246,1.0,0.0,0.00678,0.653252,2184.0,-1.002789,0.005947,26.713034,22.366517,0.000439
2018-11,25.216993,25.46013,25.61952,27.538232,19.470684,0.577591,31.44878,19.86731,-11.58147,16.302028,15.915358,0.037137,-0.163133,-0.201059,0.0,0.0,0.00547,0.462248,2192.0,-0.886771,0.002184,16.190032,14.785849,-0.069365
2018-12,16.653567,24.996761,24.242139,26.566552,19.049467,0.617481,31.153776,21.765787,-9.387989,14.837045,15.906059,-0.032882,-0.169741,-0.223002,0.0,0.0,0.004897,0.519711,2201.0,-0.871573,0.001682,14.20872,8.270732,0.003042
2019-01,13.522879,19.812379,22.648956,25.489987,17.275779,0.581807,29.077174,22.0786,-6.998574,13.800279,16.068979,0.094083,-0.132888,-0.161947,0.0,0.0,0.004275,0.497367,2204.0,-0.699717,0.00196,15.336356,14.535256,-0.100918
2019-02,16.387818,16.424698,21.821075,25.377403,17.191334,0.620679,28.484614,22.384211,-6.100403,11.325079,16.021544,0.010092,-0.089024,-0.163084,0.0,0.0,0.003968,0.623484,2205.0,-0.554004,0.002019,15.563458,9.789929,0.012222
2019-03,16.868258,15.077827,20.71405,24.887884,17.107221,0.68207,28.454911,22.868852,-5.586058,12.483467,16.254056,-0.039693,-0.147801,-0.180458,0.0,0.0,0.003576,0.471179,2210.0,-0.394708,0.002115,15.93104,13.2797,-0.052823
2019-04,14.437354,15.964334,18.540973,24.38182,15.120511,0.665071,23.495317,21.238331,-2.256987,10.128089,13.881642,0.017476,-0.111811,-0.156264,0.0,0.0,0.002865,0.478485,2212.0,0.174653,0.00146,13.235895,5.692724,0.082631
2019-05,13.235895,14.957809,15.708386,21.700504,12.148184,0.59808,18.324724,21.006883,2.682159,15.069493,13.150652,-0.073874,-0.174282,-0.218595,1.0,0.0,0.002056,0.385247,2211.0,-0.197041,0.000992,10.907862,8.873723,-0.005326
2019-06,11.232727,14.56049,14.447989,20.53011,10.527248,0.530903,15.973749,18.863683,2.889934,8.487926,12.108469,0.046013,-0.097969,-0.190309,1.0,1.0,0.00174,0.429347,2218.0,-0.356862,0.003936,21.733213,14.764321,0.042185
2019-07,18.161988,15.984398,15.974369,20.102445,11.865599,0.551737,16.799413,19.834564,3.035151,14.923184,12.080087,-0.052595,-0.127829,-0.23461,1.0,0.0,0.002127,0.463608,2228.0,-0.27699,0.002555,17.510554,11.553775,0.008395
2019-08,17.510554,17.300611,16.171692,19.205246,11.066602,0.468293,17.654959,23.156427,5.501468,18.604426,13.499618,-0.028025,-0.144983,-0.25606,1.0,0.0,0.002179,0.448266,2239.0,-0.125228,0.002046,15.667619,13.451695,-0.043507
2019-09,16.156407,18.479054,16.635554,18.610089,11.689907,0.493796,17.295925,23.298666,6.002741,11.689937,13.439821,0.05848,-0.124307,-0.223188,1.0,1.0,0.002306,0.514515,2241.0,-0.148157,0.009363,33.51985,32.899439,-0.260471
2019-10,33.51985,24.166151,20.380407,20.12254,16.960474,0.692549,16.807884,25.648089,8.840205,11.451817,13.681009,0.016894,-0.020118,-0.210064,1.0,1.0,0.003461,0.541498,2248.0,-0.347321,0.002665,17.883767,15.592674,-0.030003
2019-11,17.883767,23.83582,20.792667,18.415712,17.998886,0.749326,16.923688,25.006944,8.083256,12.998106,13.152387,-0.003823,-0.006951,-0.213084,1.0,0.0,0.003603,0.531023,2266.0,-0.312666,0.00191,15.13789,8.228414,0.036876
2019-12,15.160962,23.63243,21.271049,18.142918,17.914772,0.709324,18.172778,24.997526,6.824748,11.840758,13.438256,0.039066,0.051596,-0.17072,1.0,1.0,0.00377,0.554286,2290.0,-0.327363,0.001306,12.519249,7.400722,0.034707
2020-01,12.612011,15.962873,20.25145,18.082919,17.14268,0.716548,19.377426,26.072635,6.695209,18.986909,14.605491,-0.035282,-0.009676,-0.199323,1.0,0.0,0.003418,0.534059,2288.0,-0.482563,0.002491,17.290546,5.48643,0.100035
2020-02,17.429086,15.171995,20.008258,18.359484,16.699671,0.696622,20.605668,25.332802,4.727134,25.073987,16.234113,-0.073473,-0.11505,-0.247205,1.0,0.0,0.003336,0.623556,2290.0,-0.519657,0.008632,32.185029,22.862075,0.030143
2020-03,31.223431,22.315181,23.011085,20.068303,18.306518,0.632903,38.369286,40.395417,2.026131,68.167521,31.770788,-0.120361,-0.187378,-0.330842,1.0,0.0,0.004413,0.482814,2295.0,-0.484393,0.003724,21.13855,17.091501,-0.061943
2020-04,23.972433,24.402783,20.669113,20.377668,14.642309,0.501852,40.155842,40.362569,0.206728,29.470371,33.437997,0.139993,-0.124147,-0.255614,1.0,1.0,0.00356,0.444366,2291.0,-0.512309,0.005825,26.438898,15.704207,0.104105
2020-05,26.63674,27.065765,21.88352,21.400004,14.259475,0.424593,40.81031,40.366193,-0.444118,16.998577,33.818713,0.061301,-0.010393,-0.217686,1.0,1.0,0.003991,0.449183,2295.0,-0.84233,0.014206,41.288743,30.037992,0.082925
2020-06,41.21228,31.690443,27.173598,24.25856,18.477773,0.462386,42.244735,43.650215,1.405479,30.840241,35.836694,0.019845,0.001056,-0.186472,1.0,1.0,0.006153,0.522928,2298.0,-1.210202,0.005518,25.732877,16.838069,0.008328
2020-07,24.593172,31.959978,28.424268,24.678536,19.482122,0.469779,41.627462,42.578239,0.950778,13.614125,35.474587,0.061881,0.112388,-0.126294,1.0,1.0,0.006733,0.689963,2298.0,-1.59777,0.009685,34.090727,21.114593,0.006254
2020-08,34.654575,32.981897,30.851387,26.001332,21.185858,0.471566,40.80182,43.555489,2.753668,21.728499,35.15266,0.027813,0.22633,-0.096033,0.0,0.0,0.007932,1.121861,2308.0,-1.421356,0.002069,15.758141,14.426908,-0.081834
2020-09,15.758141,26.175162,29.01474,25.983229,20.438297,0.496195,26.63108,30.718074,4.086995,18.980341,23.051101,0.001712,0.159312,-0.094486,0.0,0.0,0.007015,1.276553,2310.0,-1.574424,0.006093,27.039781,19.989872,-0.069202
2020-10,27.724059,27.006177,29.490404,25.478286,20.398043,0.478427,25.270792,28.607253,3.336461,15.271427,20.482371,-0.007579,0.107906,-0.12384,0.0,0.0,0.007247,1.225308,2329.0,-1.419303,0.011765,37.574496,31.615191,0.001666
2020-11,37.574496,28.588946,31.412392,27.070527,23.233878,0.547068,25.979259,29.530616,3.551357,17.352276,20.531744,0.139103,0.260523,-0.012972,0.0,0.0,0.008223,1.264906,2346.0,-1.707467,0.003501,20.49543,13.519337,0.02216
2020-12,20.49543,29.442197,27.838683,27.493209,20.549092,0.544864,24.098375,24.705022,0.606647,17.022672,17.451164,0.108259,0.336881,0.0,0.0,0.0,0.006458,1.151039,2361.0,-1.998842,0.004003,21.916425,14.979132,-0.022497
2021-01,21.997497,27.850663,27.405608,27.858135,20.305929,0.548993,25.658996,25.468835,-0.190161,27.956538,19.974004,0.040723,0.331779,-0.072271,0.0,0.0,0.006259,1.150691,2363.0,-1.581537,0.005377,25.400939,22.31469,-0.112019
2021-02,25.59287,23.905267,26.410576,28.419561,20.866648,0.624237,27.8937,22.110842,-5.782859,26.51462,20.439302,-0.047551,0.368198,-0.065237,0.0,0.0,0.005813,1.602169,2365.0,-1.315364,0.005512,25.718474,20.511354,-0.078933
2021-03,25.648152,25.546491,27.181061,28.414386,21.597773,0.631372,28.18978,20.522215,-7.667566,13.636275,20.03358,0.009742,1.075586,-0.046603,0.0,0.0,0.006157,1.141312,2370.0,-0.906181,0.001185,11.923238,7.075043,0.010527
2021-04,11.173942,22.039077,25.607124,27.441263,19.958823,0.607503,26.758972,19.113327,-7.645645,9.663901,19.413195,0.020266,0.629456,-0.025804,0.0,0.0,0.005464,1.070047,2367.0,-0.226969,0.002464,17.196729,13.658394,-0.019201
2021-05,17.74013,19.142718,21.655316,27.054159,16.255402,0.563464,25.100643,17.821646,-7.278997,13.654937,18.686565,0.002057,0.568787,-0.015005,0.0,0.0,0.003908,1.049278,2371.0,-0.229951,0.001306,12.517623,9.854281,0.001597
2021-06,12.463887,14.078138,20.625436,24.212595,15.688373,0.578562,24.468416,16.365088,-8.103328,7.112715,17.631552,0.026437,0.498802,0.0,0.0,0.0,0.003545,0.975292,2374.0,-0.272639,0.000551,8.130689,6.874494,-0.028257
2021-07,7.927563,13.146945,18.146116,23.252353,14.764744,0.66204,21.458832,14.868179,-6.590653,10.275308,14.698245,-0.021374,0.42926,-0.028411,0.0,0.0,0.002744,0.816442,2384.0,-0.17313,0.00132,12.584643,9.762291,-0.031625
2021-08,12.584643,11.011562,15.663328,21.581597,12.193848,0.606057,19.036704,15.781975,-3.254729,15.323237,11.861946,-0.000357,0.332999,-0.028757,0.0,0.0,0.002044,0.749224,2391.0,-0.035189,0.001981,15.417868,9.848248,0.066564
2021-09,15.500215,12.43946,13.297225,21.388731,9.809748,0.544244,17.104373,16.348022,-0.756351,11.563277,11.39771,-0.019947,0.262478,-0.066371,0.0,0.0,0.001473,0.711676,2398.0,-0.450635,0.001761,14.535933,10.852019,-0.019208
2021-10,17.397474,14.447984,13.849646,20.819387,10.5343,0.578541,19.811184,19.351628,-0.459556,18.319976,13.039841,-0.038897,0.252486,-0.093872,0.0,0.0,0.001598,0.859295,2400.0,-0.381319,0.006796,28.556532,20.809227,0.022168
2021-11,27.801465,20.578525,16.705536,19.277719,12.35748,0.547191,19.858673,20.914538,1.055865,15.809382,13.352925,-0.043591,0.092919,-0.130336,0.0,0.0,0.002326,0.761424,2404.0,-0.079848,0.004732,23.82974,16.704245,0.011144
2021-12,23.798655,23.05519,18.524065,19.604282,13.362881,0.520388,20.910172,21.869744,0.959572,11.10431,14.084286,0.032326,0.084784,-0.083532,0.0,0.0,0.00286,0.803445,2418.0,-0.171958,0.007731,30.459149,20.432697,0.008446
2022-01,30.715731,27.498714,22.089496,20.201282,15.539146,0.49486,24.565779,26.961145,2.395366,22.420842,16.341822,-0.1156,-0.162356,-0.186612,0.0,0.0,0.004066,0.779358,2422.0,-0.149533,0.004976,24.435425,18.681794,0.068883
2022-02,27.701678,26.657907,23.689396,20.482843,16.831647,0.50483,25.683009,28.312164,2.629155,23.353348,17.158773,-0.008668,-0.115779,-0.176937,0.0,0.0,0.004677,0.665368,2429.0,-0.216879,0.003633,20.880623,15.097045,0.006615
2022-03,20.880623,27.204094,24.683136,19.713939,17.84619,0.522746,26.286234,29.137379,2.851145,17.119472,17.919704,0.028042,-0.06953,-0.153856,0.0,0.0,0.005077,0.570685,2439.0,-0.43598,0.002438,17.103982,13.731983,-0.026938
2022-04,17.103982,22.33032,24.748273,20.007315,17.787681,0.516593,24.273583,28.228147,3.954564,14.463811,17.327967,-0.026307,-0.147414,-0.176115,0.0,0.0,0.005104,0.492883,2437.0,-0.2537,0.002586,17.61639,12.12567,0.003603
2022-05,17.61639,18.608992,22.98846,20.023107,16.537017,0.517481,25.171532,28.663108,3.491576,16.988616,17.908516,-0.004523,-0.141016,-0.179842,0.0,0.0,0.004404,0.432384,2446.0,-0.307147,0.002493,17.295998,14.485583,-0.028383
2022-06,17.598583,17.51319,22.820313,20.283874,16.501231,0.522865,28.569355,30.907461,2.338106,26.230968,19.770663,-0.130907,-0.280528,-0.291558,0.0,0.0,0.00434,0.430958,2452.0,-0.114852,0.002327,16.708787,13.849128,-0.023381
2022-07,16.708787,17.275431,20.133165,20.724621,15.574469,0.598415,27.52145,29.204474,1.683024,16.2865,19.8492,0.056313,-0.233947,-0.251663,0.0,0.0,0.003378,0.366668,2451.0,-0.153972,0.003419,20.254472,13.928694,0.044541
2022-08,19.467006,18.152858,18.38234,21.20257,13.899394,0.571729,24.250732,26.699821,2.449089,15.337086,18.142859,0.005877,-0.195915,-0.246662,0.0,0.0,0.002816,0.482835,2464.0,-0.113308,0.003505,20.508547,11.226989,0.056944
2022-09,20.510765,19.235624,18.394579,21.774177,13.274559,0.520787,26.132865,28.1548,2.021935,23.085996,19.180133,-0.126289,-0.315928,-0.347632,1.0,0.0,0.00282,0.346216,2472.0,-0.150681,0.003368,20.102999,11.249588,0.107965
2022-10,20.635466,20.414213,19.164564,22.013978,13.387217,0.487958,27.846184,30.726111,2.879926,20.540738,20.217873,0.054353,-0.244315,-0.308246,1.0,1.0,0.003061,0.365794,2478.0,-0.222029,0.012517,38.756885,33.477734,-0.109597
2022-11,38.720762,27.900841,23.550449,23.308896,18.172011,0.595398,26.468278,33.267808,6.79953,17.789404,20.391521,0.055411,-0.191181,-0.25807,1.0,1.0,0.004622,0.437047,2488.0,-0.152381,0.004732,23.828512,18.776265,-0.038169
2022-12,23.828512,28.723036,24.581175,23.646589,18.943181,0.593883,22.82955,32.502212,9.672662,17.568231,18.894196,-0.091185,-0.261763,-0.325723,1.0,0.0,0.005035,0.500371,2491.0,-0.037387,0.003534,20.59271,18.366525,-0.059582
2023-01,20.816243,28.832585,24.980573,22.769135,19.422302,0.6045,21.046502,32.562011,11.515509,17.002232,18.661072,0.064432,-0.165297,-0.268346,1.0,1.0,0.0052,0.526575,2493.0,-0.203996,0.005221,25.029799,18.356023,0.027762
2023-02,25.253474,23.272718,25.753291,22.477276,20.038336,0.605422,20.831783,33.10329,12.271507,15.919428,19.029892,-0.00307,-0.106398,-0.264015,1.0,0.0,0.005527,0.457233,2501.0,-0.662353,0.008293,31.546068,20.76837,0.1325
2023-03,30.441855,26.172258,27.511881,23.456681,21.238611,0.595953,19.012458,31.118382,12.105924,15.586667,17.384202,0.028432,-0.091415,-0.239777,1.0,1.0,0.006308,0.467873,2505.0,-0.885527,0.009562,33.874385,22.684263,0.023651
2023-04,33.881762,30.443206,29.617206,25.077627,22.70639,0.587771,19.418177,28.824916,9.406738,12.651865,16.128887,0.015953,-0.058035,-0.233389,1.0,1.0,0.00731,0.684792,2506.0,-0.620814,0.002992,18.94949,16.789657,-0.04586
2023-05,19.140186,28.945961,26.262063,24.949138,19.404124,0.545922,20.613463,24.123721,3.510258,9.313943,14.954632,0.028733,-0.009523,-0.211898,1.0,1.0,0.005747,0.872954,2507.0,-0.43703,0.003284,19.851692,11.107966,0.08382
2023-06,19.851692,25.317603,25.682547,25.152592,18.423993,0.514625,21.518206,21.918291,0.400085,9.872266,14.01866,-0.001252,0.097116,-0.212884,1.0,0.0,0.005497,0.942339,2516.0,-0.778134,0.031426,61.409715,41.387781,0.267993
2023-07,61.409715,38.865535,34.913871,30.350353,23.808515,0.465017,28.486642,22.898401,-5.588242,14.535785,13.320568,0.033735,0.108489,-0.186331,1.0,1.0,0.010158,0.843177,2518.0,-0.790328,0.011584,37.283107,29.338652,-0.095954
2023-08,35.071004,43.030355,36.644655,31.67067,25.576309,0.487141,31.451139,22.224736,-9.226402,14.057048,12.95658,-0.036598,0.050513,-0.20717,1.0,0.0,0.01119,0.870748,2522.0,-0.765608,0.00402,21.964671,17.534886,-0.049191
2023-09,23.337375,43.450754,35.580183,31.823434,25.241595,0.503289,31.852844,21.638763,-10.214082,12.531673,12.443419,-0.041772,0.089032,-0.242882,1.0,0.0,0.01055,0.926063,2526.0,-0.837743,0.006406,27.726055,25.856741,-0.116382
2023-10,28.19472,38.166826,34.838144,32.264862,25.743787,0.546053,35.304703,21.721514,-13.583189,21.946235,14.476355,-0.091059,0.027416,-0.305168,1.0,0.0,0.010114,0.746974,2543.0,-0.741885,0.015588,43.250047,19.788121,0.066434
2023-11,42.852652,32.725117,38.056996,32.758656,26.029756,0.467812,41.256781,23.10571,-18.151071,26.17609,17.540257,0.103461,0.064072,-0.225746,1.0,1.0,0.012069,0.592443,2553.0,-0.866274,0.001831,14.824081,10.44738,-0.025841
2023-12,17.121099,31.352961,37.890216,32.265222,26.26209,0.480402,41.262115,22.698136,-18.563979,12.376678,17.775728,0.054275,0.15267,-0.189721,1.0,1.0,0.011964,0.627658,2563.0,-0.931267,0.002871,18.560587,13.985971,-0.030028
2024-01,18.143245,28.488684,33.677231,32.1748,26.351686,0.612272,39.328769,22.036512,-17.292257,13.867667,17.748175,-0.067197,0.054844,-0.239564,1.0,0.0,0.009451,0.554042,2563.0,-0.973295,0.00285,18.494693,5.492429,0.118105
2024-02,18.647616,18.516939,26.437774,31.847114,17.167951,0.421684,35.903045,19.312013,-16.591032,15.690299,17.995766,0.056807,0.082177,-0.19186,1.0,1.0,0.005825,0.465625,2567.0,-0.948718,0.007687,30.371547,23.010964,-0.019488
2024-03,30.538267,23.292963,27.577436,31.917143,18.293931,0.440054,35.360466,21.471765,-13.888702,14.471339,18.36627,0.038826,0.151146,-0.15852,0.0,0.0,0.006338,0.499768,2579.0,-0.704647,0.004516,23.279149,15.410584,0.04156
2024-04,23.279149,24.744869,27.121724,31.030548,16.576418,0.373548,31.97394,22.081529,-9.89241,18.706362,17.68845,-0.023335,0.034018,-0.178156,1.0,0.0,0.00613,0.555646,2582.0,-0.67277,0.00305,19.132594,10.734161,0.050926
2024-05,20.338778,24.939446,21.851378,30.889055,14.276987,0.426889,22.084548,20.676805,-1.407743,13.701951,15.033214,-0.021908,0.034379,-0.197287,0.0,0.0,0.003979,0.477726,2588.0,-0.46997,0.004736,23.84047,8.23505,0.159339
2024-06,23.984396,22.480711,22.756195,31.30258,14.028722,0.380047,21.904569,21.252738,-0.651831,12.439725,14.988174,0.038192,0.052815,-0.156072,0.0,0.0,0.004315,0.479986,2594.0,-0.640484,0.009712,34.139209,26.065425,0.01546
2024-07,31.729852,26.755183,25.623911,31.612344,16.780844,0.428881,22.599076,22.09854,-0.500536,13.649394,14.878588,-0.007308,0.032528,-0.168003,0.0,0.0,0.005472,0.518305,2600.0,-0.242472,0.017047,45.228904,37.258749,-0.093316
2024-08,45.228904,35.494166,30.674189,28.671174,22.42636,0.534529,28.341839,29.325063,0.983223,38.905359,20.830615,-0.03633,0.034547,-0.19823,0.0,0.0,0.007841,0.495068,2615.0,-0.055407,0.011882,37.760869,33.761118,-0.095558
2024-09,43.00805,39.316124,32.264643,29.936893,24.62949,0.582716,28.857247,32.164538,3.307291,21.034511,21.656958,-0.032544,-0.018361,-0.221081,0.0,0.0,0.008675,0.480967,2621.0,-0.326913,0.008269,31.501204,22.01553,0.068849
2024-10,31.610794,39.17248,33.648144,30.710547,25.93447,0.594063,28.326842,32.252061,3.92522,14.981974,21.373858,-0.037375,0.039299,-0.234519,0.0,0.0,0.009435,0.538855,2628.0,-0.391344,0.004714,23.783731,14.287628,0.029292
2024-11,23.783731,33.758735,33.812267,28.384456,25.725969,0.578888,28.552888,33.051673,4.498784,19.014362,21.846889,-0.046349,-0.030551,-0.269999,0.0,0.0,0.009527,0.473954,2643.0,-0.222591,0.005682,26.111154,14.823987,0.095723
2024-12,26.337672,27.383196,34.137237,28.883285,26.192412,0.5887,29.287416,35.149281,5.861864,23.313914,23.010627,-0.039666,-0.086288,-0.284514,0.0,0.0,0.009711,0.382774,2649.0,0.050686,0.010491,35.481536,25.570045,0.005143
2025-01,36.573562,31.281754,35.674743,30.304598,27.315051,0.586249,28.89962,37.180325,8.280705,14.173385,23.327648,0.036104,-0.03117,-0.247566,0.0,0.0,0.010606,0.417977,2654.0,-0.237091,0.008244,31.453299,24.179251,-0.057837
2025-02,31.610751,32.026532,34.10239,31.212069,26.424058,0.600384,22.390251,36.525891,14.13564,19.224332,18.406811,0.002122,-0.052464,-0.240953,0.0,0.0,0.009691,0.42855,2659.0,-0.413073,0.011237,36.720443,18.778764,0.092251
2025-03,37.887062,35.232424,32.019324,32.089508,21.584934,0.454441,22.194882,35.771319,13.576437,20.82879,18.559049,-0.063539,-0.114333,-0.264015,1.0,0.0,0.008544,0.424515,2662.0,-0.3017,0.009217,33.257489,25.594491,0.085589
2025-04,32.444697,33.929786,32.673743,32.720276,22.679113,0.481786,25.113561,38.590118,13.476557,32.033233,21.630149,0.016905,-0.043021,-0.238354,1.0,1.0,0.008896,0.405658,2666.0,0.014285,0.014506,41.721931,31.015938,0.13415
2025-05,42.340193,37.786679,34.911389,34.274874,24.431989,0.48976,24.974689,39.178238,14.203549,13.771854,21.103489,0.052057,-0.045052,-0.200534,0.0,0.0,0.010157,0.4291,2670.0,0.00103,0.007886,30.763042,19.520935,0.029372
2025-06,31.139677,36.552678,35.458346,34.835791,24.501174,0.47746,24.104178,38.9094,14.805221,19.794042,20.68129,0.137657,0.075246,-0.099428,0.0,0.0,0.010477,0.50703,2674.0,0.055331,0.01212,38.137005,29.467495,-0.027358
2025-07,37.53277,37.387555,35.754302,35.708903,25.178512,0.495911,24.945196,37.143756,12.19856,13.776902,20.320977,0.052586,0.101233,-0.050589,0.0,0.0,0.010653,0.551709,2674.0,0.091305,0.008603,32.129907,24.707485,-0.012336
2025-08,33.380963,33.840215,36.046204,35.222965,25.52422,0.501402,25.725683,36.934047,11.208364,18.350158,20.676756,-0.019567,0.183958,-0.066874,0.0,0.0,0.010828,0.525691,2681.0,-0.27227,0.003704,21.082243,10.491837,0.114772
2025-09,21.078737,31.013442,33.919605,32.757265,24.450648,0.519612,25.83592,34.106075,8.270155,16.174253,20.489251,0.088547,0.301277,-0.019932,0.0,0.0,0.009588,0.560538,2681.0,-0.441475,0.021824,51.175296,41.561624,-0.070957
2025-10,51.663529,38.265225,37.237508,35.048829,27.866634,0.560025,24.967492,34.098503,9.131011,24.612526,17.688835,0.166924,0.513842,0.0,0.0,0.0,0.011555,0.725806,2685.0,-0.420486,0.010784,35.973355,26.01934,-0.014899
2025-11,35.974939,38.903771,37.848789,35.578619,29.065861,0.589743,30.710634,37.128058,6.417424,32.19881,21.484715,-0.031437,0.583044,-0.061976,0.0,0.0,0.011938,0.721401,2700.0,-0.768365,0.005039,24.589186,11.532538,0.136251
2025-12,24.589186,39.285875,35.498639,35.396826,26.224839,0.545761,31.765325,34.716464,2.951139,18.912836,21.325814,0.067271,0.639931,-0.002088,0.0,0.0,0.010501,0.701575,2710.0,-0.555423,0.012993,39.486916,23.286134,0.203127
2026-01,39.486916,33.951146,36.22359,36.18603,25.651602,0.501471,33.167878,35.673147,2.505269,21.755697,22.392896,0.240297,1.000978,-0.001018,0.0,0.0,0.010935,0.757568,2697.0,-0.530529,0.016637,44.68163,15.050791,0.258888
2026-02,48.860074,38.826439,38.447784,37.358115,23.909116,0.386709,39.23426,34.395124,-4.839136,44.008142,27.358556,0.243773,1.287271,-0.008721,0.0,0.0,0.012319,0.892754,2705.0,-0.885621,0.01701,45.179696,35.612522,-0.163857
2026-03,45.179696,43.948806,41.421003,37.902308,27.820954,0.451131,52.14113,41.318791,-10.822339,76.515176,41.083885,-0.182786,0.858845,-0.189913,0.0,0.0,0.014297,1.128614,2710.0,-0.845528,0.017365,45.648768,17.85281,0.235338
