month,actual_var,ExpandingMean,RW126,EWMA,HAR,HARX,Ridge,Lasso,RF,HGB,MLP,LSTM,ENS
2001-12,0.010429,0.01671365,0.012733,0.012920359765880692,0.015702838869895624,0.020224182178771546,0.016899799526265535,0.016880799832636552,0.01926982385852487,0.0190311998080618,0.024042981922128778,0.020326828584074974,0.017211279401407653
2002-01,0.010332,0.01671365,0.012523,0.012172951836116483,0.014036819581166487,0.01672054077177257,0.014958836643922162,0.013383196233123014,0.01672277295022284,0.019857745027325922,0.020772536376142174,0.021008513867855072,0.01628446708413819
2002-02,0.004918,0.01671365,0.012767,0.011620666285281536,0.01525472082583917,0.0201040274946763,0.015594839967649382,0.01495626937520618,0.01714190738984937,0.017677111428098094,0.017875225990346726,0.01778160035610199,0.016175557407195548
2002-03,0.006419,0.01671365,0.010026,0.009609866399697076,0.009233503346551623,0.012555061337682801,0.012445010665300618,0.009108998029655058,0.01321161054536928,0.010457360667451046,0.038969121312220696,0.018086662515997887,0.010711958226434429
2002-04,0.009104,0.01671365,0.010041,0.008652606479787953,0.009790522491669245,0.011935265131041645,0.009562051628404164,0.010929650789476069,0.013767165028756618,0.01139418987727178,0.02130871008643874,0.017547039315104485,0.010248921332448396
2002-05,0.011051,0.01671365,0.009277,0.008788024535851566,0.008264209090009697,0.011740872117344212,0.011072622336714704,0.011272316422031537,0.012999481026640385,0.015937324749150064,0.015762172487758484,0.010139339603483677,0.011758052058624823
2002-06,0.061618,0.01671365,0.009323,0.009466917175096097,0.013894844360055123,0.019922682649220404,0.014520297050822351,0.016666911098065253,0.014472238022288817,0.013156807769360413,0.008518456525945524,0.00973241962492466,0.01385731639341263
2002-07,0.017788,0.01671365,0.017676,0.02511224202256727,0.046843873057249935,0.04571108949669097,0.047450821592848164,0.052597832493085715,0.026194280139087246,0.015158982308331974,0.03335335317796464,0.011911623179912567,0.036484558986143355
2002-08,0.006048,0.01671365,0.018563,0.02291496941579709,0.025109794457380517,0.027239664949406297,0.025165646614472497,0.01827703313076051,0.023776790462333712,0.019844968063211923,0.028836878829541564,0.01536200474947691,0.023373469711688313
2002-09,0.006129,0.01671365,0.018836,0.017854878591057964,0.014931238451222486,0.015221527937680699,0.013763069497850666,0.012947964741669982,0.014783480214714036,0.014200501128115718,0.03335309487413418,0.01996641419827938,0.01429826969239629
2002-10,0.007862,0.01671365,0.018807,0.014337115013740574,0.01014527427731836,0.012790223249252495,0.014444858682538878,0.012625004347027116,0.017050311393235457,0.018373667023458485,0.03539756565803133,0.016461405903100967,0.01432126666110524
2002-11,0.012437,0.01671365,0.018476,0.012394580509618402,0.010197112533188493,0.008656050420162967,0.016320558559978805,0.013085716270016536,0.01533077373338427,0.0235388066005462,0.050173961917301196,0.020667871460318565,0.016685492564571167
2002-12,0.007556,0.016437674242424243,0.018722,0.012407306356732881,0.016085952454121883,0.012730385598989868,0.01804510650955722,0.017118822019571826,0.01578841289928886,0.013086864843497921,0.01660752392911922,0.009911780245602131,0.015739307935725675
2003-01,0.005602,0.016437674242424243,0.010942,0.010951914449713017,0.01123232135125707,0.014059432456884664,0.014865868002779994,0.013866943045058882,0.0130874559339417,0.015911866122285765,0.01586886990206797,0.011310878209769726,0.014003351825440944
2003-02,0.01631,0.016437674242424243,0.007924,0.009346940114799111,0.009951321201165184,0.013501744121536065,0.01489644146080549,0.01333841509920731,0.013615323329046799,0.015297389432493338,0.018450219792606345,0.014724484644830227,0.013381717364821336
2003-03,0.016673,0.016437674242424243,0.009512,0.011435858080359379,0.017453446065428625,0.021051491845305317,0.01807077013327186,0.020061660055214665,0.01865200809750489,0.020352586987941575,0.013379246834680706,0.018762854859232903,0.01862560106221402
2003-04,0.011288,0.016437674242424243,0.011139,0.013007000656251565,0.018089098709415403,0.016282096840251257,0.019184556491906424,0.01741902740549966,0.017376408012418937,0.018234449434001238,0.04202710764437083,0.018831074237823486,0.018502701545107688
2003-05,0.013482,0.016437674242424243,0.012238,0.012491300459376097,0.015965942964931153,0.016460113595656047,0.015607532757853981,0.014595873968628876,0.012500251120342155,0.012976790633199722,0.011322732361552984,0.012104679830372334,0.014850088785328286
2003-06,0.005622,0.016437674242424243,0.011917,0.012788510321563267,0.017170336642835043,0.01284943977615476,0.016379106644977097,0.01434715580571946,0.012982284213289917,0.012707422418215939,0.01592373650734841,0.01298380084335804,0.015418955235342693
2003-07,0.007229,0.016437674242424243,0.011769,0.010638557225094287,0.009750083058601445,0.007521609886560078,0.011470012511078228,0.009640905866678469,0.009414568975779171,0.010589436880834763,0.022869500782760885,0.009146503172814846,0.010603177483504811
2003-08,0.010095,0.016437674242424243,0.011793,0.009615690057566,0.010945893563571106,0.00827384319747177,0.012654907784652652,0.010100366826428802,0.009825449096985376,0.008584524654096938,0.025553157521625153,0.009054857306182384,0.010728442000773566
2003-09,0.007944,0.016437674242424243,0.010886,0.0097594830402962,0.013357269707570457,0.010546722867572137,0.015947845517192027,0.011792003596265116,0.01097178832447059,0.01306203262563747,0.08240260421556866,0.009230384603142738,0.014122382616799984
2003-10,0.00715,0.016437674242424243,0.010079,0.00921483812820734,0.011215098249004607,0.011070578049970317,0.017286880410801977,0.010701953680970076,0.010696819609578101,0.013086640645103292,0.029661682706707215,0.011705302633345127,0.013862873101636626
2003-11,0.03904,0.016437674242424243,0.008927,0.008595386689745138,0.010781872490051296,0.01107868278961135,0.0161075399405847,0.010100562664427484,0.013642117545790526,0.018490705258064406,0.05020543787315438,0.013547479175031185,0.015126705896233467
2003-12,0.007635,0.016095583333333337,0.012977,0.0177287706828216,0.03178510066066478,0.027004169218900465,0.03185473518635834,0.02575907062991075,0.01823999758427998,0.022084056407432676,0.022840795503436245,0.014536910690367222,0.028574630751485267
2004-01,0.007062,0.016095583333333337,0.01352,0.01470063947797512,0.018587531332650554,0.01728404598176848,0.018660329772459672,0.01372595715637898,0.01145188520115539,0.009965983663738217,0.011368104465861293,0.014544850215315819,0.015737948256282813
2004-02,0.012398,0.016095583333333337,0.013698,0.012409047634582582,0.012858901181278309,0.011815383135915684,0.012194516976668075,0.009886608742710514,0.010758456946237331,0.009749864554844128,0.009910857014433975,0.014421932399272919,0.011601094237596837
2004-03,0.070451,0.016095583333333337,0.013581,0.012405733344207807,0.015118252048641846,0.017011494232957333,0.014395296098512617,0.012765388831859735,0.010023610530170103,0.009906827798441448,0.03440267588567997,0.012715859338641167,0.013140125315198639
2004-04,0.049295,0.016095583333333337,0.024182,0.029819313340945466,0.04901956356096741,0.03274626913427943,0.031218038795995287,0.03721639443072936,0.015019994346120748,0.006880196427395278,0.039882816483814525,0.01723935827612877,0.02903926626145266
2004-05,0.007843,0.016095583333333337,0.031364,0.035662019338661824,0.04632186186613111,0.03275710640421625,0.018337268677259277,0.031171188064921997,0.019305507352939115,0.011390217332951634,0.014704678144504898,0.009789043106138706,0.025349782625447338
2004-06,0.002568,0.016095583333333337,0.027251,0.027316313537063278,0.016481796184864554,0.013926848279281794,0.0076226755877810085,0.010417181747740555,0.011195551454016408,0.009850669212600506,0.0038089950015734167,0.011244524270296097,0.011318380328415355
2004-07,0.003304,0.016095583333333337,0.02494,0.019891819475944292,0.007482674309941215,0.006407756095405668,0.007272723289839488,0.007641703828324123,0.0044433104050859975,0.003701297494429448,0.0019051442589023357,0.010505376383662224,0.006152231698070051
2004-08,0.027505,0.016095583333333337,0.024265,0.014915473633161005,0.005717540388419209,0.0039253795609295455,0.008611455863628324,0.007631739079239271,0.004316934726731639,0.003698244747047739,0.008344136654176023,0.008744975551962852,0.0060090803330317575
2004-09,0.047323,0.016095583333333337,0.027073,0.018692331543212704,0.023126043373594467,0.013334851064403921,0.018085689900964628,0.01813809866286636,0.01573500977510158,0.012081609946170357,0.010153959602360936,0.007899033837020397,0.01776444774024315
2004-10,0.006176,0.016095583333333337,0.023625,0.027281532080248895,0.037676432601399835,0.025794652105994215,0.025580789070736326,0.029474788942336447,0.018866031830411432,0.012858994855920371,0.011010136401719562,0.008920305408537388,0.025372072176018844
2004-11,0.057825,0.016095583333333337,0.01567,0.020949872456174228,0.012564124869797091,0.010509049966311553,0.008406767421916678,0.008620612488848647,0.010301473647847677,0.007287543161127354,0.00297984363489901,0.010764072649180889,0.009419478484280375
2004-12,0.055456,0.016776596153846152,0.024096,0.03201241071932196,0.04365110669718693,0.030071866262741186,0.02393137541368508,0.027090302079588444,0.01949206520236337,0.02104832943458849,0.003356595686558889,0.015431435778737068,0.029543603848486834
2005-01,0.019185,0.016776596153846152,0.032925,0.03904548750352538,0.04384624504439244,0.03251878170566995,0.01910303596373442,0.028053340341115413,0.018785748851425737,0.015007279701928946,0.001496364477761432,0.013056682422757149,0.025985520236685267
2005-02,0.004402,0.016776596153846152,0.035879,0.03308734125246777,0.026575826957278573,0.0197055949447836,0.007699707219642296,0.015097508362689693,0.01909447741680465,0.01561064449833766,0.001218793640449856,0.014332235790789127,0.01662872622508618
2005-03,0.003659,0.016776596153846152,0.032138,0.024481738876727437,0.010829234161939684,0.009010523159615445,0.004688781043166139,0.009278993403812504,0.007765132258500169,0.006717005055091122,0.001336075344644375,0.015990212559700012,0.007411673420065649
2005-04,0.003729,0.016776596153846152,0.024479,0.018234917213709203,0.009090356967932792,0.009377406691093925,0.006953252099933592,0.009623797895549294,0.007595031962843528,0.009105638247359613,0.005263006417849269,0.013427703641355038,0.008383082438408665
2005-05,0.003643,0.016776596153846152,0.024115,0.013883142049596441,0.007739131380810476,0.00797289987000235,0.00847726214516082,0.009195023538532306,0.0071043751399203735,0.0055493162552188845,0.003487847831603322,0.013909771107137203,0.007255236593730061
2005-06,0.001864,0.016776596153846152,0.016207,0.01081109943471751,0.007595468336362934,0.010704464407779871,0.009375693307419598,0.009647679884152407,0.00587497443473667,0.00522061333102719,0.004171358611142536,0.014688019640743732,0.0073972583249365745
2005-07,0.002965,0.016776596153846152,0.006345,0.008126969604302255,0.0052023057035076965,0.0074019844369443985,0.008719938632023336,0.007451418893794897,0.004349821544643067,0.004045353921809963,0.004261215000809045,0.020880404859781265,0.005989199419113665
2005-08,0.002823,0.016776596153846152,0.003354,0.006578378723011579,0.006537197131436457,0.009733330268851386,0.007702110339708689,0.00800135358137419,0.00392117002992476,0.004846845578118746,0.007590776665876789,0.018176138401031494,0.006362051016421298
2005-09,0.001507,0.016776596153846152,0.003114,0.005451765106108105,0.006269596897171315,0.009392756713058637,0.008976331229047601,0.007863294729182062,0.004702806238250232,0.005387371482579446,0.0075019301664558365,0.01249168161302805,0.006877766536266121
2005-10,0.00307,0.016776596153846152,0.002755,0.004268335574275674,0.004449977567457659,0.006435774685804613,0.0068842896401582355,0.007388328099951341,0.0034614045666873,0.005258941897212127,0.00789130607607036,0.010929103940725327,0.0055310697016093405
2005-11,0.004718,0.016776596153846152,0.002596,0.0039088349019929716,0.006386526570407899,0.010003069349925656,0.010009855383345732,0.00833168351257548,0.005591727045394957,0.005521928876546288,0.005825093734611832,0.010200354270637035,0.007306103610099973
2005-12,0.016746,0.01621529761904762,0.002815,0.00415158443139508,0.007355973045148482,0.008094564426697102,0.0066477609946227105,0.00754640583049328,0.010602661841700469,0.011471672155113181,0.005466414606730007,0.0038594466168433428,0.008491802064961458
2006-01,0.003843,0.01621529761904762,0.005303,0.007929909101976556,0.018005591935650458,0.020703265358026492,0.012679963243687578,0.013051883200489113,0.01987911025365256,0.02164560759371159,0.056909048631765775,0.004024467431008816,0.017443720924349874
2006-02,0.002257,0.01621529761904762,0.005472,0.006703836371383589,0.008485508340098417,0.009826237109258786,0.007789656361858805,0.008452042638346579,0.006124354314387597,0.008052531301514313,0.04813435087030251,0.0049485983327031136,0.00810923200115718
2006-03,0.001557,0.01621529761904762,0.005357,0.005369785459968512,0.005562082405893403,0.006443249382949555,0.00684564036900287,0.007342322415988878,0.003878242541422541,0.003955405901203959,0.03597726865293906,0.004786252044141293,0.005454376225366744
2006-04,0.003539,0.01621529761904762,0.005365,0.0042259498219779585,0.004381997564194102,0.0051007593163411025,0.0076916019260637285,0.006961169672859902,0.003568126272118811,0.003894447836169868,0.03199375732008242,0.004785681609064341,0.005322682442142567
2006-05,0.006937,0.01621529761904762,0.005488,0.004019864875384571,0.006222053776873482,0.007127385347897282,0.007771359253161819,0.008249607321940976,0.003615939258739271,0.004843659448811592,0.02729033249956283,0.005143456161022186,0.006279024159615631
2006-06,0.001006,0.01621529761904762,0.005914,0.0048950054127692,0.00985785193862699,0.010487495779470358,0.008176790339477545,0.010266427064510192,0.014220695893002603,0.012542598802731385,0.024954902503883686,0.0049875532276928425,0.010192413693611973
2006-07,0.003329,0.01621529761904762,0.003441,0.00372830378893844,0.003278286842159168,0.003455968899984884,0.004549374593284306,0.006685499015818108,0.00345499658025906,0.0035037171621249952,0.007085500675109936,0.005346308462321758,0.00377712619918949
2006-08,0.00474,0.01621529761904762,0.003129,0.0036085126522569077,0.006340417606737853,0.005956835653334043,0.005453982055681395,0.007555539559464577,0.003681620499408392,0.0051222008187838735,0.005182289901644005,0.0046987272799015045,0.005638866827067708
2006-09,0.002634,0.01621529761904762,0.003583,0.003947958856579835,0.007533994263962265,0.006925285748727328,0.005318855408308076,0.008148467395370135,0.012272465816288169,0.015443642389122415,0.006509151408614979,0.00467574642971158,0.009432164020464252
2006-10,0.000793,0.01621529761904762,0.003704,0.0035537711996058846,0.005593588233113755,0.005140543760935448,0.0038926295627493028,0.007342047803626401,0.0038277756451730264,0.0038274710983240107,0.005551221232659119,0.004678973462432623,0.004437896298062356
2006-11,0.002614,0.01621529761904762,0.003245,0.002725539839724119,0.002294456180183898,0.0021544215285828243,0.002744868183018838,0.0057039389475593725,0.003511381513014887,0.0039486162113391106,0.0030574399132667226,0.004500085487961769,0.0029959801915139493
2006-12,0.00316,0.015412027777777778,0.002591,0.0026920778878068833,0.004864373151936998,0.004526527597101971,0.002768220122812929,0.0057207320917508665,0.003436145450859656,0.0044580552945061675,0.002080276032583912,0.00449158763512969,0.0040302161897520315
2007-01,0.002637,0.015412027777777778,0.002878,0.0028324545214648182,0.004512944222252747,0.003933441908502436,0.0027011060864144624,0.005642956182033652,0.003305409489442108,0.0039020623043174714,0.002599043900618408,0.004520997405052185,0.0037053708709948938
2007-02,0.002704,0.015412027777777778,0.002795,0.0027738181650253727,0.0049951899029042,0.004366345742374337,0.0028911372581357387,0.005656131860823617,0.0033391300462572047,0.003961538338983902,0.002472766871428065,0.004374295938760042,0.003949288500007947
2007-03,0.00671,0.015412027777777778,0.002436,0.002752872715517761,0.005051464919621537,0.004573797036647434,0.002879356277722775,0.0056112680820255036,0.002991710308344322,0.0031561254885096217,0.0019166996354843598,0.004619263578206301,0.0036956488952846443
2007-04,0.010615,0.015412027777777778,0.003118,0.003940010900862432,0.008816097716101087,0.008873312358412298,0.0057114652402299165,0.007027507008245752,0.009363312269585054,0.007789650276084082,0.0024313442744947175,0.004716263152658939,0.007439071077471695
2007-05,0.008985,0.015412027777777778,0.00475,0.005942507630603703,0.012303085412236537,0.013235807159049992,0.008991540583077742,0.00835982503414082,0.011471661527080327,0.011551730253045761,0.002950824680716896,0.005118605215102434,0.010948785416120014
2007-06,0.005328,0.015412027777777778,0.005839,0.006855255341422593,0.013005262857900848,0.013736747889249631,0.009117892957872424,0.008847216158818325,0.012038339451347897,0.012017956493158264,0.0073108481148380046,0.005533299408853054,0.011380370769643844
2007-07,0.008615,0.015412027777777778,0.006178,0.006397078738995815,0.008690031627392554,0.009668810345793245,0.007752943939313262,0.007110870259669972,0.010244770189103787,0.010602140400257547,0.004869397281113328,0.005473590921610594,0.009015038655654456
2007-08,0.007186,0.015412027777777778,0.00716,0.00706245511729707,0.011274908492836834,0.012456648242444,0.006592370846494377,0.009486957411076267,0.0146766559567096,0.016048881028413748,0.003658283605868492,0.006082744337618351,0.01130538678924832
2007-09,0.009712,0.015412027777777778,0.007951,0.007099518582107949,0.012466229983743863,0.014228785794187404,0.010051856058803125,0.010061972732099488,0.01562310234153198,0.01623976809534121,0.004810018176560217,0.007477531675249338,0.012919284712629398
2007-10,0.017626,0.015412027777777778,0.008493,0.007883263007475563,0.012107323241049912,0.013445909406214077,0.008018888719065401,0.009620254947966134,0.01648189758543551,0.01633222796984945,0.00522269597684362,0.008179542608559132,0.012152813309988254
2007-11,0.008658,0.015412027777777778,0.009901,0.010806084105232894,0.017952941056450455,0.020306522246809823,0.010684914535446299,0.013995452798640439,0.021106825105301368,0.02303770698727003,0.006420909134195473,0.008194436319172382,0.01722518752638893
2007-12,0.012516,0.014927609375,0.009608,0.010161658873663026,0.013527446817226865,0.015392063543069818,0.012949692646549542,0.01153868536491933,0.013666887651345378,0.010836454833010593,0.018297096223854014,0.012689691968262196,0.012437864765595668
2008-01,0.010012,0.014927609375,0.010865,0.010867961211564118,0.01458862694587815,0.01666324066035118,0.01296652201190717,0.01377350517410826,0.013980108688997713,0.011991513771097544,0.008474658427619004,0.012685589492321014,0.013182220909627623
2008-02,0.003823,0.014927609375,0.011814,0.010611172848094881,0.01706463680650208,0.02078860457374807,0.021404684261367414,0.014441474789276355,0.014893569695233448,0.013273011587975971,0.02369832536120023,0.015385184437036514,0.017247444218615154
2008-03,0.00328,0.014927609375,0.010853,0.008574720993666417,0.007529611402744543,0.009287449189354048,0.01189071544987512,0.008585244761282603,0.005274436797387663,0.005376529704291175,0.016385044217533312,0.018764538690447807,0.008265618852303614
2008-04,0.003143,0.014927609375,0.009562,0.006986304695566492,0.006723584984378564,0.008446202521585636,0.011470677453743151,0.0076873987047328075,0.004262245625635433,0.004595454938299906,0.007273705410757658,0.014263472519814968,0.007596572458807207
2008-05,0.001927,0.014927609375,0.008571,0.005833313286896544,0.006265280924306187,0.00822165679523218,0.011742542152726762,0.007560081219223895,0.004143202908636426,0.004532978628218831,0.006759590720614278,0.01050347276031971,0.00751360056841726
2008-06,0.00324,0.014927609375,0.00625,0.004661419300827581,0.004421642452543672,0.0055830187613148214,0.008718667705606961,0.007003424666031331,0.0041233756119133155,0.004180944269090957,0.007888998852300926,0.00904737040400505,0.0057737514757471966
2008-07,0.0025,0.014927609375,0.005336,0.0042349935105793065,0.005644412469244589,0.006735654360741489,0.008707020423856916,0.007820813701901226,0.005127908432101962,0.00678611802257942,0.004853431298784141,0.008796097710728645,0.007045850305226975
2008-08,0.010712,0.014927609375,0.003069,0.0037144954574055145,0.0052365116299945644,0.005703890917556068,0.007574760475274647,0.007529255423280365,0.0045331574600865066,0.004614221142433756,0.005178603584359789,0.009660623967647552,0.005808497749234323
2008-09,0.032116,0.014927609375,0.004172,0.00581374682018386,0.01224256266800316,0.011283795503599686,0.006992918321954127,0.012235923104673174,0.01273049727728618,0.011837378682200382,0.00646617582776919,0.008570754900574684,0.010357619890719224
2008-10,0.025244,0.014927609375,0.008991,0.013704422774128703,0.025964542845773708,0.027549480814385525,0.008221831934523272,0.03297763901332427,0.023658821203869532,0.020762666487974688,0.0025778072284113117,0.011707429774105549,0.01831634708942389
2008-11,0.008036,0.014927609375,0.012623,0.017166295941890092,0.02511215294833829,0.024926261839835824,0.013864947043670944,0.03140842610067034,0.025508000594739653,0.01797564279283041,0.005482185198922249,0.022443683817982674,0.018984247594946546
2008-12,0.009402,0.014620833333333333,0.013632,0.014427207159323063,0.012333335211801388,0.013492143215607839,0.012944110878508658,0.01637018224800534,0.018360764865822395,0.010038741093838155,0.009791404962300328,0.01648644171655178,0.011772062394716067
2009-01,0.0111,0.014620833333333333,0.014774,0.012919645011526145,0.01366436803357159,0.01484102846355395,0.014442191796628876,0.01810436773570755,0.018302763364767584,0.011222510773092999,0.010709830716855917,0.020033564418554306,0.013109690201097821
2009-02,0.005417,0.014620833333333333,0.016158,0.012373751508068302,0.013813530504541219,0.014336542337641787,0.015345098866871621,0.0199081416610863,0.018445259017818592,0.013326352795188673,0.00842271451115574,0.0211801715195179,0.014161660722200506
2009-03,0.016006,0.014620833333333333,0.015222,0.01028672605564781,0.008924457305950245,0.009779728126174511,0.012874290477646965,0.014115747564346838,0.016166738890294147,0.013425969954679297,0.009751400085066739,0.02156146615743637,0.011741572579425501
2009-04,0.006038,0.014620833333333333,0.012818,0.012002508238953467,0.016922760191800425,0.017961468057326395,0.012537151761288879,0.018392706824193486,0.016623780280737133,0.010920905751213102,0.0220350772051597,0.02305215783417225,0.013460272568100803
2009-05,0.002042,0.014620833333333333,0.009344,0.010213155767267425,0.010833243012712844,0.012068692430341928,0.00836107012815991,0.01164031236489273,0.011591391320913188,0.010642126955224693,0.015527536279346603,0.019802186638116837,0.009945480032032482
2009-06,0.001644,0.014620833333333333,0.008466,0.007761809037087198,0.005025028536563275,0.005522584850479221,0.00568371953073629,0.007848258236397196,0.005147302426235125,0.004427416431211127,0.01517494980871628,0.01711593009531498,0.005045388166170231
2009-07,0.004719,0.014620833333333333,0.006935,0.005926466325961038,0.0034688434834041467,0.0041634543726362236,0.004911317719441201,0.006526901793915298,0.00492966276223016,0.005018767492966005,0.008998148428791495,0.018365072086453438,0.004466309565270451
2009-08,0.003399,0.014620833333333333,0.005881,0.005564226428172727,0.0073652976285091655,0.009165084559536888,0.006527904990182456,0.008229555263854424,0.009710085854054475,0.007283084421099543,0.014426511707634702,0.018306715413928032,0.007058762346597055
2009-09,0.003966,0.014620833333333333,0.005304,0.0049146584997209085,0.005271000447694356,0.0068278102613482635,0.005792500207110644,0.0067432139716533095,0.003790533153272864,0.003403238763536106,0.012541419719335029,0.0160487312823534,0.004822246472780368
2009-10,0.00341,0.014620833333333333,0.003486,0.004630060949804636,0.006794523066683084,0.009082351076287075,0.008633475513270638,0.007530096458871583,0.0048851338735089395,0.007150388080996001,0.018188968219830497,0.014842481352388859,0.007526128886983241
2009-11,0.005912,0.014620833333333333,0.003147,0.004264042664863245,0.0060079961589096665,0.00812403947149773,0.009376282124171154,0.007396347993154912,0.00443747625889576,0.009571225428535035,0.015956451804348955,0.013151961378753185,0.008318501237205284
2009-12,0.014422,0.014146782407407407,0.003769,0.0047584298654042715,0.008303182408351564,0.010394959172475403,0.009291742807976705,0.007927266790525965,0.010753710699903189,0.008890378595117486,0.011991873565370622,0.010446122847497463,0.00882843460381525
2010-01,0.003007,0.014146782407407407,0.005971,0.0076575009057829905,0.015153209270768514,0.017014826334352664,0.010053256941207109,0.01213830846249051,0.011757830579644952,0.006418646175012674,0.013939950080007254,0.00997477862983942,0.010541704128996097
2010-02,0.002099,0.014146782407407407,0.005743,0.006262350634048093,0.006870738420273784,0.007605352486458088,0.006016422528873942,0.007134174122499631,0.0050610824319960775,0.0035496813602121113,0.007307326930770429,0.008207157254219055,0.0054789474364532785
2010-03,0.003395,0.014146782407407407,0.005477,0.005013345443833666,0.004482419546634065,0.004959237270457291,0.004659083939753054,0.005850023063718398,0.004120154724182473,0.0030488623528637294,0.0021189144612048056,0.007476358208805323,0.0040634552797502825
2010-04,0.007518,0.014146782407407407,0.005441,0.004527841810683566,0.005270857245158815,0.0057162348637436865,0.00431700958799029,0.006302704565380286,0.004384755029162924,0.0032778958196926214,0.002534180835976655,0.007420065812766552,0.004288587550947243
2010-05,0.00495,0.014146782407407407,0.00621,0.005424889267478496,0.009440051553874442,0.010143566256366227,0.0061173752583343136,0.008866059189977897,0.010179323943504223,0.0060127704746563105,0.007774775182576722,0.006586339324712753,0.0071900657622883555
2010-06,0.004942,0.014146782407407407,0.006262,0.005282422487234948,0.0075718949077114225,0.008401576320681654,0.005994059301801892,0.007426765165410696,0.0096764865430789,0.004763739440181674,0.004853130717634844,0.007534615695476532,0.006109897883231662
2010-07,0.008329,0.014146782407407407,0.004334,0.005180295741064464,0.0073510445329159,0.007013873499489577,0.006492151567662323,0.0070942504922991865,0.007291304308700496,0.005568623328680563,0.007458606877378545,0.008044219575822353,0.006470606476419595
2010-08,0.001262,0.014146782407407407,0.00511,0.006124907018745125,0.00929506743958136,0.008942252102959748,0.0073193102405938555,0.00814422505493946,0.010450322123143677,0.007346017209556722,0.010100267219137371,0.007041476666927338,0.007986798296577313
2010-09,0.003837,0.014146782407407407,0.005074,0.004666034913121587,0.003739474023685056,0.0036714118358144488,0.004786594221569295,0.005227648888841478,0.0038706735835651374,0.0027746377363916546,0.006011414752196123,0.007191486656665802,0.003766901993882002
2010-10,0.007137,0.014146782407407407,0.005163,0.004417324439185111,0.00647396961362481,0.006190991705911126,0.005289087774211887,0.006410079783058554,0.004137908495044232,0.0026923747594843686,0.007733326638703404,0.00695329112932086,0.004818477382440355
2010-11,0.005276,0.014146782407407407,0.004766,0.005233227107429578,0.007522935317575792,0.007349769230213585,0.005794983351435751,0.0068029478093547535,0.009921350946193295,0.004515611552364256,0.009698999512791934,0.006610913202166557,0.005944510073791934
2010-12,0.003208,0.013692451754385966,0.004895,0.0052460589752007045,0.007369774442390597,0.007324728244097292,0.0056350699631892735,0.00657024045530724,0.00712533080832646,0.009699730186607644,0.0052418079309529035,0.006795431952923536,0.007568191530729171
2011-01,0.004896,0.013692451754385966,0.004619,0.004634641282640493,0.005729435366017543,0.005707683833655273,0.004953516798352367,0.005888296923622601,0.004192968500855416,0.0052767488035507255,0.004495546930380966,0.007396962493658066,0.005319900322640211
2011-02,0.0108,0.013692451754385966,0.004412,0.004713048897848345,0.008033243904107968,0.00834358469217244,0.006478889385371433,0.007199074569264005,0.007681250034571756,0.0062210932488723685,0.005629383466088617,0.007370865438133478,0.006911075512783923
2011-03,0.008758,0.013692451754385966,0.005865,0.006539134228493842,0.011751193017659289,0.012579412949517114,0.008931864162033423,0.008883522954130979,0.00955199218748442,0.007091346776562261,0.015209855612181048,0.007993234321475029,0.00925813465208499
2011-04,0.013587,0.013692451754385966,0.00668,0.007204793959945689,0.010910015510144946,0.012036199514064204,0.008591597452417667,0.008189673195338679,0.009403166505087022,0.009608814059629338,0.008019135609445244,0.01030508242547512,0.009703475674063983
2011-05,0.00452,0.013692451754385966,0.00796,0.009119455771961982,0.014701228790844975,0.016464945933101164,0.010550575414085312,0.01042774593754178,0.010760244297420273,0.009743222234916096,0.010638193702841576,0.009681670926511288,0.011665008813282127
2011-06,0.004532,0.013692451754385966,0.007718,0.0077396190403733875,0.007711258825681517,0.008546032848243935,0.0068093998868325656,0.006848204020872901,0.006666924462470056,0.005846367026006936,0.009576626842959757,0.00982713233679533,0.006789008579507007
2011-07,0.020241,0.013692451754385966,0.008001,0.006777333328261371,0.007582927532858327,0.00815977827486661,0.006274083905165667,0.006815546009619615,0.006507279362805691,0.007204836334107222,0.010326718577506748,0.008672496303915977,0.007020615924043738
2011-08,0.004376,0.013692451754385966,0.010396,0.01081643332978296,0.01788591213168266,0.018542954582427704,0.009842117817633925,0.014525369500544751,0.01446889340191284,0.005849896671713382,0.020514987284637458,0.008152713999152184,0.011192642207009988
2011-09,0.007949,0.013692451754385966,0.009337,0.00888430333084807,0.008010041510561648,0.008327486205134795,0.005669153116420818,0.008302867926860287,0.00823439079453476,0.004183923362902182,0.006338503604394512,0.008372620679438114,0.005954372663294883
2011-10,0.005775,0.013692451754385966,0.009394,0.00860371233159365,0.011163258480958857,0.010910810128004184,0.006388350368622216,0.009906061484102975,0.0108018583351187,0.006413172801584691,0.0013178567789423037,0.008493018336594105,0.007988260550388588
2011-11,0.004091,0.013692451754385966,0.007899,0.0077550986321155545,0.00849236319440082,0.007962196841001856,0.0046633762648461835,0.008858964252513757,0.008060516760292598,0.002917129933030748,0.0008565143995510852,0.007814604789018631,0.00535762313075925
2011-12,0.003566,0.013394216666666665,0.007827,0.006655869042480889,0.007069355886299907,0.006357367465424783,0.004303049825229836,0.008153380604840716,0.005057667493292702,0.0058530351659513155,0.0023135630692963744,0.005648170597851276,0.00574181362582702
2012-01,0.007113,0.013394216666666665,0.007666,0.005728908329736622,0.006366012125806754,0.005700716156824799,0.004077455129506054,0.007696916218204662,0.004380331523383309,0.004766289880447742,0.0021436617363945047,0.005677401088178158,0.005069919045253516
2012-02,0.002102,0.013394216666666665,0.005525,0.006144135830815635,0.009267703064911757,0.008059864031058489,0.004087377992918585,0.008844503634938059,0.006450034921306535,0.0068358522104744945,0.0020126131777556183,0.005514348391443491,0.006730311089434946
2012-03,0.00195,0.013394216666666665,0.005148,0.004931495081570945,0.004736828936838273,0.003999974201217943,0.0025832355883781428,0.0061596317404424795,0.003323290858330692,0.0055042734341294326,0.0018865291906981444,0.00506865419447422,0.0042747793197819494
2012-04,0.003673,0.013394216666666665,0.004114,0.0040370465570996605,0.004524863188443628,0.0038623906988452133,0.002627689254855354,0.0060133643922441965,0.0032478376068144467,0.0029413553086560956,0.002022938010595787,0.004525354597717524,0.0033646359173183592
2012-05,0.003725,0.013394216666666665,0.003864,0.003927832589969762,0.005853275859138492,0.005144237178393969,0.003501467381482155,0.006925868671392766,0.00514574835906767,0.0032826885085822577,0.0021504739547404737,0.004439874552190304,0.004212477249734302
2012-06,0.003312,0.013394216666666665,0.003738,0.0038669828129788333,0.006466185144554496,0.005772160026015721,0.004043002118209307,0.007079220821611376,0.005638316588248517,0.003996559599084421,0.003068587417615673,0.0047574411146342754,0.0048352489539494085
2012-07,0.004083,0.013394216666666665,0.003653,0.0037004879690851833,0.005743968724216243,0.0052967507034434235,0.0041565522015275325,0.006647235109037777,0.004963238058498606,0.0028451509068770525,0.0049014548712136416,0.005122038070112467,0.004248557277540276
2012-08,0.002412,0.013394216666666665,0.003141,0.0038152415783596285,0.00617587040938502,0.0059370945924530705,0.005732397522128566,0.00689370329785662,0.005453085072710662,0.005661950180769766,0.004970851093716895,0.00526264077052474,0.005856739370761117
2012-09,0.004203,0.013394216666666665,0.003203,0.00339426910485174,0.004869890541516407,0.004721800351670924,0.0050287249766699975,0.006156903883769617,0.0035965764544777508,0.0028593203267246892,0.004792644956902279,0.006039775907993317,0.004252645281637032
2012-10,0.006807,0.013394216666666665,0.003568,0.003636888373396218,0.006298392328008536,0.006102105190607594,0.00562641374458416,0.0070246709941775825,0.005471719048253077,0.006651201749867087,0.0045356263270942485,0.0059431614354252815,0.006192002607486594
2012-11,0.007769,0.013394216666666665,0.00401,0.004587921861377353,0.007517504413072227,0.007267721399146649,0.006405538703447588,0.00749780522467638,0.007856631239369014,0.010554166035264803,0.004923973429776783,0.005570951383560896,0.00815906971726154
2012-12,0.002086,0.012957646825396824,0.004767,0.005542245302964147,0.009727815895956652,0.011699961965714743,0.006173172104759942,0.008121433607505332,0.0076201908739757275,0.006828895479783296,0.007835828454281296,0.0062888446263968945,0.007576627826833296
2013-01,0.001863,0.012957646825396824,0.004643,0.004505371712074903,0.004414604033454326,0.0049324174910845885,0.0036881067070795833,0.005425572266383064,0.003959061280156901,0.004628166483799695,0.0021613197652432126,0.006142531521618366,0.004243625741444535
2013-02,0.001475,0.012957646825396824,0.004477,0.003712660198452432,0.004601362733131156,0.004435981768615707,0.004270493582385166,0.00547845450091371,0.0037015078773919973,0.0037914391540582624,0.005050929193446071,0.005197365302592516,0.004221098489858195
2013-03,0.008574,0.012957646825396824,0.00416,0.0030413621389167025,0.003338073706786719,0.0031747499190616776,0.003677364467587971,0.005056230158133685,0.0036400506287631806,0.0038615382622191703,0.003556521694927009,0.005353708751499653,0.0036256588121979538
2013-04,0.005171,0.012957646825396824,0.004789,0.004701153497241692,0.00919624676842606,0.010300725281375338,0.005696296804894962,0.008022910823488888,0.00761551883867999,0.006766561819741553,0.0027959342518831054,0.005192779935896397,0.007219701797687526
2013-05,0.00824,0.012957646825396824,0.004711,0.004842107448069184,0.007305716888735536,0.006603459348800318,0.004510913135120741,0.006640148589157496,0.006121463777655087,0.004896196569374276,0.004373282571635358,0.006327611859887838,0.0055709421977435175
2013-06,0.002903,0.012957646825396824,0.004692,0.005861475213648429,0.009958903017023383,0.010818430893467523,0.005102023164502283,0.008231753322096927,0.007289277779897226,0.005925024439452296,0.002925006328539308,0.004862767178565264,0.00699531687365932
2013-07,0.002752,0.012957646825396824,0.004775,0.004973932649553901,0.005216935535318638,0.006217928645075463,0.004108259440721965,0.00583275988953314,0.004104883185660924,0.0031068755673226713,0.006961228851174131,0.005369436927139759,0.004144023514454425
2013-08,0.001762,0.012957646825396824,0.004852,0.004307352854687731,0.0052164443368260946,0.004705496913415282,0.0038452083451394723,0.005898231319856426,0.004628568247802624,0.0046626379205362166,0.0036796941409242456,0.005301245953887701,0.0045747635341672616
2013-09,0.002071,0.012957646825396824,0.004918,0.0035437469982814115,0.003798881105495936,0.003442493621333067,0.003510063455616142,0.0053289360551741025,0.0036427287499597545,0.0034810772922224953,0.0035018348013784034,0.004448508378118277,0.0035966739511115245
2013-10,0.000796,0.012957646825396824,0.003909,0.003101922898796988,0.004007440973568732,0.003385321843993386,0.0027564473249669817,0.005355634163063757,0.003495903174151957,0.0037378026504145587,0.0025495747852194084,0.004358433187007904,0.0035005636496500906
2013-11,0.001825,0.012957646825396824,0.003173,0.002410146029157891,0.0022887514367744273,0.0019851794097825518,0.0023780249237652967,0.004614498540150706,0.0034037878729627647,0.004137324304740073,0.0014047222982755123,0.004110570531338453,0.002934700221759932
2013-12,0.002483,0.012518352272727273,0.002025,0.0022346022204105236,0.0035230212472608124,0.003028703467064314,0.002879558061817576,0.00489326104163921,0.0026732918144308122,0.002893962727156156,0.003129176059526213,0.0037952386774122715,0.003098847345411515
2014-01,0.002384,0.012518352272727273,0.001978,0.0023091215542873664,0.0040835833867065244,0.003757072819573854,0.003356624240732979,0.005178361989944558,0.003097770075416173,0.0033486089084554483,0.003846163132895554,0.004015497863292694,0.003596272178631651
2014-02,0.001832,0.012518352272727273,0.001928,0.0023315850880011564,0.004271985645986579,0.0050922396762110725,0.0040446584550366095,0.005240600176687145,0.0036150534917460645,0.0036617775900087525,0.00209749809259307,0.004208878148347139,0.00399280723034398
2014-03,0.004931,0.012518352272727273,0.002012,0.0021817095616008097,0.003562412374021422,0.004287124944881712,0.0037133004952119943,0.004891702716217182,0.0031521502157167325,0.0036219754989116775,0.002621302022373919,0.005203445442020893,0.003632562789381698
2014-04,0.002218,0.012518352272727273,0.002502,0.003006496693120567,0.006115963162219042,0.005352368037528276,0.004548093600054867,0.006093238377493866,0.006465092455755345,0.005420127193764826,0.0038211307789557916,0.0051133823581039906,0.005361394652012912
2014-05,0.004781,0.012518352272727273,0.002635,0.0027699476851843967,0.004011322974747072,0.0037982067640742675,0.0038587380096174817,0.005014631657018554,0.0028146333734650614,0.0030333713498111956,0.002777582133934671,0.004633611533790827,0.00363447744472525
2014-06,0.002458,0.012518352272727273,0.003241,0.0033732633796290778,0.006222354857369622,0.005699023982346675,0.004725178255456399,0.006046597849739456,0.006507469287774745,0.006099067558428569,0.003401707419697542,0.004726844374090433,0.0056822002237515296
2014-07,0.001914,0.012518352272727273,0.003286,0.0030986843657403542,0.0041507641409258235,0.0038326904605181285,0.004239578557732409,0.005023028653382299,0.003322639868163463,0.004108417066058551,0.0024935828311411657,0.005161987151950598,0.004166253254905594
2014-08,0.00379,0.012518352272727273,0.003068,0.0027432790560182477,0.003641810726740043,0.003433609617473776,0.003670152044097137,0.004753082023066696,0.00310922678616901,0.0035534420338240013,0.0029882479019184838,0.005582737270742655,0.0036218016015537265
2014-09,0.014017,0.012518352272727273,0.003354,0.0030572953392127736,0.005202020170566448,0.004799781339162322,0.004670813947965883,0.005587203638582924,0.004502931397329298,0.004721234032718561,0.0026164400496116306,0.005371283274143934,0.004864689383750297
2014-10,0.027611,0.012518352272727273,0.004901,0.006345206737448942,0.012125427883511048,0.011361676018890052,0.007569812463798182,0.00920611321989683,0.007249397297097319,0.009004630140744938,0.002353872578452883,0.00584840215742588,0.009566623496018056
2014-11,0.004678,0.012518352272727273,0.009177,0.012724944716214262,0.02058598390327672,0.016685252164677596,0.00973975955248851,0.013868511103765848,0.008814901557265976,0.008048696418595229,0.0017823819450833059,0.006700246129184961,0.012791479958120152
2014-12,0.009387,0.012238920289855073,0.009082,0.010310861301349984,0.008025080865990002,0.007039262725173728,0.004527468151223183,0.005345733048908419,0.005762201990526528,0.004935025220989042,0.0044323260618566096,0.0064157783053815365,0.005829191412734076
2015-01,0.004561,0.012238920289855073,0.010369,0.010033702910944988,0.011545254739533503,0.009951761941248503,0.006106780770388838,0.006876690512575823,0.007145877676199436,0.006228482498450885,0.004627626736459949,0.0053613497875630856,0.007960172669457742
2015-02,0.007224,0.012238920289855073,0.010805,0.008391892037661492,0.008566708151324941,0.006982394561368042,0.005111653074518676,0.005730241200451745,0.006207100000366663,0.00537971541799484,0.00865969768724807,0.006057548336684704,0.00635269221461282
2015-03,0.004888,0.012238920289855073,0.011398,0.008041524426363045,0.007842363704552328,0.006744006618199466,0.004764066366205797,0.005379547678871148,0.006654705738880778,0.005541997724432322,0.013646015073201527,0.0056482055224478245,0.006049475931730149
2015-04,0.009343,0.012238920289855073,0.01044,0.007095467098454131,0.006978039061344865,0.0057656417732401335,0.003825180195265566,0.0048696582837867,0.00518857392613563,0.004869450564590425,0.01181231302647475,0.006221344694495201,0.005224223273733618
2015-05,0.005389,0.012238920289855073,0.008199,0.007769726968917892,0.01095411427504103,0.010019121039227296,0.005812677711770726,0.006925289234655183,0.007593940497118417,0.0057220129585253444,0.012695727593947556,0.004625410307198763,0.007496268315112367
2015-06,0.018747,0.012238920289855073,0.006931,0.007055508878242525,0.007982094771482777,0.00799310313855833,0.005840827182737315,0.006028530997999343,0.008566920746936746,0.009712053857387812,0.01932938238908823,0.0058912006206810474,0.007844991937202636
2015-07,0.011459,0.012238920289855073,0.008411,0.010562956214769768,0.015909527789423818,0.015262563007251114,0.008170224920248072,0.009529514769080502,0.007023668929514586,0.005610405078852258,0.01920496509194383,0.007492354139685631,0.009896719262841382
2015-08,0.013791,0.012238920289855073,0.009165,0.010831769350338838,0.013388149844293575,0.014048568809922623,0.0076984278686023375,0.008623144789777715,0.007068072222744305,0.006066731634526666,0.019065661746317665,0.0074537331238389015,0.009051103115807526
2015-09,0.00752,0.012238920289855073,0.010618,0.011719538545237187,0.015159347542346876,0.015081855097310332,0.00814536017757178,0.009040719029775221,0.006593578964401777,0.005787245791043734,0.008132163581774174,0.0075226034969091415,0.009697317836987462
2015-10,0.010087,0.012238920289855073,0.011082,0.01045967698166603,0.010587741883662587,0.009620249670953061,0.006018509915325712,0.006691931706683334,0.006386006848864416,0.0059298960582854,0.008211945930691305,0.007972733117640018,0.0075120492857579
2015-11,0.007467,0.012238920289855073,0.011161,0.010347873887166221,0.011999374118673484,0.011535940653428944,0.00684770112950877,0.0077120182377188535,0.006630618625886522,0.0052846316842745465,0.007879908226204862,0.00634962460026145,0.008043902310818933
2015-12,0.00523,0.012110434027777778,0.011512,0.009483611721016354,0.009913504580125332,0.009675868709911271,0.00768091817859689,0.007639844378909603,0.008345895410949431,0.00686733873126801,0.005029915119527077,0.007841566577553749,0.008153920496663412
2016-01,0.012427,0.012110434027777778,0.009444,0.008207528204711448,0.008216560196609112,0.008553519456617484,0.007216657410306645,0.007174719909040493,0.008543112860884093,0.007101518503333699,0.004667248272870754,0.008320254273712635,0.007511578703416485
2016-02,0.003179,0.012110434027777778,0.009627,0.009473369743298014,0.013421013323842023,0.012978833100931394,0.009645278992296861,0.009822512037117636,0.00911030545940636,0.007363687459026316,0.004852331257081248,0.00887380726635456,0.010143326591721733
2016-03,0.004638,0.012110434027777778,0.007926,0.00758505882030861,0.006292224449420985,0.00572188655228409,0.005355903883744442,0.005487387182271267,0.0048073269516754604,0.005309869883056463,0.005660284935339739,0.010161705315113068,0.005652666072073963
2016-04,0.003996,0.012110434027777778,0.007257,0.006700941174216026,0.007587032318036003,0.007095406211109922,0.005381873053906194,0.005944968273900575,0.007621706224523014,0.006895462045060693,0.008056937048025094,0.008683511056005955,0.006621455805667631
2016-05,0.002961,0.012110434027777778,0.006199,0.005889458821951219,0.006497752227090218,0.005666723677805019,0.004191471107987167,0.005105722483615947,0.005387274385697532,0.00553411349028655,0.003466900282940455,0.007192104123532772,0.005407778941787979
2016-06,0.000663,0.012110434027777778,0.006181,0.005010921175365853,0.005511808941630778,0.005126018572350948,0.003820774152622003,0.004759511669737096,0.004340436660585535,0.0047208490373602495,0.001939911370758379,0.005483120679855347,0.0046844773772043435
2016-07,0.000925,0.012110434027777778,0.004786,0.0037065448227560967,0.002361749083355922,0.001981744316826805,0.0024599522561977926,0.0032509754875208957,0.003420913969029572,0.00365880287247452,0.002095834917709456,0.3025393784046173,0.002826834737342745
2016-08,0.001708,0.012110434027777778,0.002727,0.0028720813759292676,0.002485751819291236,0.0021949389042307398,0.0026859900362068184,0.0034369330940274886,0.003114045221432241,0.0031420244596510366,0.0031436440694872325,0.22461093962192535,0.00277125543838303
2016-09,0.001459,0.012110434027777778,0.002513,0.0025228569631504873,0.0034406241575659214,0.0032286091869159267,0.003099088693418679,0.003970772911053559,0.0031854641539360664,0.003570481796371039,0.003998238674830946,0.08223032206296921,0.0033700648824518797
2016-10,0.001652,0.012110434027777778,0.00202,0.002203699874205341,0.0031917873832909465,0.0030108647255285186,0.0030597965123167017,0.003958130227798037,0.0032269581791756962,0.003500889395076024,0.0031622400280464204,0.023003622889518738,0.003250824430227891
2016-11,0.000855,0.012110434027777778,0.001561,0.0020381899119437386,0.003122818571189222,0.003003524803865693,0.002750866202386771,0.0037943832410963735,0.003144174022320559,0.0029405637174251464,0.0009404224021211988,0.009340119548141956,0.002938082830333713
2016-12,0.004661,0.011758326666666668,0.001282,0.0016832329383606169,0.002110524953932836,0.0019981293153419214,0.0023542466904977596,0.0031727910280538512,0.002015223985762841,0.0024412589861195167,0.0010059447959032402,0.003873456735163927,0.0023020102101833704
2017-01,0.005227,0.011758326666666668,0.001881,0.002576563056852432,0.0055806012261436526,0.005240731341609257,0.003929951468256475,0.0048779445581995096,0.006302378816055374,0.004717610653417436,0.0014771656824249257,0.004000718705356121,0.004742721115939188
2017-02,0.004775,0.011758326666666668,0.00261,0.0033716941397967026,0.006510352027448251,0.00525049757650246,0.0033341376625255735,0.004480003875893453,0.0070214657857164565,0.00508903503178405,0.0009533091676612477,0.004458400420844555,0.004977841573919292
2017-03,0.00368,0.011758326666666668,0.003122,0.003792685897857692,0.004817985018763488,0.004305769103141373,0.0030151805153262857,0.00385599940550493,0.0028849041219555513,0.0029284186169928825,0.0012005495873036323,0.003995973616838455,0.003587194717027552
2017-04,0.004652,0.011758326666666668,0.003476,0.003758880128500384,0.005956956239744188,0.005431230607535112,0.0033635476852875764,0.0044938398149946684,0.00604039312271771,0.005240502843412024,0.0009164317040677606,0.004118643701076508,0.004853668922814597
2017-05,0.003941,0.011758326666666668,0.004003,0.0040268160899502685,0.006420767574462739,0.00581907345466292,0.0035817367986247834,0.004522487263697355,0.007479928920185733,0.0057456112935097324,0.001424430715258424,0.00390675850212574,0.005249371888865751
2017-06,0.002242,0.011758326666666668,0.004513,0.004001071262965188,0.005578355943258356,0.005155005265627323,0.003684381358331185,0.004446984076477899,0.004521346635582049,0.005240502843412024,0.0017630725929954772,0.003983677830547094,0.004834413381667189
2017-07,0.002891,0.011758326666666668,0.004216,0.0034733498840756314,0.004077008929946627,0.003882417030188101,0.0034194824952683235,0.003978111267542365,0.0027110821915014645,0.003482211468091477,0.001937920414328193,0.004013099707663059,0.003659567631102142
2017-08,0.006328,0.011758326666666668,0.003707,0.003298644918852942,0.004491378322147176,0.004637839013128124,0.0038637664378030987,0.004570293275651003,0.003113035233020351,0.004136787962446015,0.0024958026429359663,0.004096528980880976,0.004163977574132096
2017-09,0.003248,0.011758326666666668,0.004079,0.00420745144319706,0.007099042772742333,0.007092346986046726,0.00498208441987012,0.005746826757751875,0.007896319781052976,0.009438053552134153,0.0034405786414199733,0.004196137189865112,0.007173060248248868
2017-10,0.005856,0.011758326666666668,0.00414,0.0039196160102379415,0.006974526641152665,0.00717004808203056,0.005359265095149113,0.005673828266034202,0.008178877949087502,0.009031613078029636,0.0026585056340341726,0.004638131707906723,0.007121801604777138
2017-11,0.006018,0.011758326666666668,0.004329,0.0045005312071665585,0.006781160754350061,0.006520271881635499,0.004855302143363804,0.005175680356173424,0.00756798269110822,0.0058836803769932835,0.002899973412196582,0.005603544879704714,0.005840047758235716
2017-12,0.00564,0.011477618589743591,0.004575,0.004955771845016591,0.008029095047242219,0.008256024146960002,0.005671061638069871,0.006721405224993178,0.007526740812694248,0.009212717295618242,0.008578260119956068,0.005479502957314253,0.00763762466031011
2018-01,0.003319,0.011477618589743591,0.005126,0.005161040291511614,0.007321758372767617,0.007208095376176767,0.005228486853052285,0.006330485217613217,0.007475897871354935,0.00609705677705121,0.0058692920147779114,0.00602487288415432,0.00621576733429037
2018-02,0.005145,0.011477618589743591,0.005243,0.004608428204058129,0.005793342460822119,0.006084951267488985,0.004705316312321112,0.005795374468246118,0.004465553259129524,0.0038516544227056096,0.007044622444275035,0.006127608940005302,0.0047834377319496135
2018-03,0.006898,0.011477618589743591,0.005496,0.0047693997428406906,0.006776015940270614,0.006951868649302402,0.005602225730065265,0.0064107097650351,0.00698645958736483,0.005265641093991714,0.011966957588631215,0.005778538528829813,0.005881294254775865
2018-04,0.012597,0.011477618589743591,0.00551,0.005407979819988484,0.008021905511249976,0.007262828488826569,0.005220112674288105,0.006909396432104896,0.006915274517407702,0.005518958773338601,0.004342564636705479,0.007381713017821312,0.006253658986292227
2018-05,0.005946,0.011477618589743591,0.006897,0.007564685873991939,0.012481517753888676,0.011023453710370255,0.0072059161999432604,0.009399688460737155,0.00829591263991834,0.006770570269250459,0.007273476899297055,0.005403456278145313,0.008819334741027465
2018-06,0.004859,0.011477618589743591,0.006754,0.007079080111794357,0.008429975718991992,0.008036621889525275,0.00523572663664497,0.0070018743940674115,0.007838644396522302,0.006109176525285908,0.006531703654305877,0.006150697357952595,0.006591626293640958
2018-07,0.006139,0.011477618589743591,0.006523,0.00641305607825605,0.007351966380783687,0.006568112723543164,0.005355948433582962,0.006509011326595184,0.006914055326097075,0.005801209097595753,0.0059556961303899765,0.004733451176434755,0.006169707970654134
2018-08,0.00202,0.011477618589743591,0.006945,0.0063308392547792355,0.007622463543611518,0.007022679252411915,0.005584507559050837,0.006788017788834441,0.0074072255292924995,0.00606613478860926,0.004771537146056986,0.005478022154420614,0.006424368630423873
2018-09,0.007489,0.011477618589743591,0.006705,0.005037587478345464,0.005537280608638806,0.005128594268067242,0.005110219464857767,0.0057536106060816295,0.004682084378977114,0.004273017260113933,0.007209336666068993,0.00540959183126688,0.004973505777870169
2018-10,0.005947,0.011477618589743591,0.00678,0.005773011234841825,0.008597315275923037,0.009048872820918267,0.005025066907990222,0.007874771841186613,0.007671614770398227,0.0057231842481631455,0.0022460475544425346,0.006400176323950291,0.006448522144025468
2018-11,0.002184,0.011477618589743591,0.00547,0.005825207864389277,0.007260038296052264,0.006729446668061783,0.0054030227077803234,0.006899370629170966,0.007263734208322116,0.0052929563239469445,0.0011660996575979378,0.00510449567809701,0.0059853391092598435
2018-12,0.001682,0.01126296296296296,0.004897,0.004732845505072494,0.0046572803058077,0.004215053442587983,0.003972372998817315,0.004528068898655841,0.0029205256891681975,0.0026508340440308214,0.001184868093867569,0.004709694068878889,0.0037601624495519456
2019-01,0.00196,0.01126296296296296,0.004275,0.0038175918535507452,0.003459115356087408,0.0032458668757084997,0.0036435085846947507,0.004098041661368903,0.003008182705228565,0.0024873881493128708,0.001728051493979178,0.003920041024684906,0.003196670696698343
2019-02,0.002019,0.01126296296296296,0.003968,0.0032603142974855213,0.003941686409264998,0.0034254367960167343,0.0033443478520238483,0.004197380242754333,0.0029538185968846563,0.002734693775275653,0.0010944495979560915,0.004019823856651783,0.0033402426788548332
2019-03,0.002115,0.01126296296296296,0.003576,0.002887920008239865,0.003926458541282185,0.0032363465934313546,0.0027755906969843236,0.004012347534922017,0.0027725678360394582,0.0029166601412464644,0.0008773654419892094,0.00354827381670475,0.0032062364598376574
2019-04,0.00146,0.01126296296296296,0.002865,0.0026560440057679055,0.003403412249570162,0.00281832584688105,0.002415069532051647,0.003644809438428663,0.002910608349904342,0.002803740565926479,0.001041991188061301,0.003250787267461419,0.0028740741158494293
2019-05,0.000992,0.01126296296296296,0.002056,0.0022972308040375335,0.002968458147603022,0.0029521653830013542,0.0023568946943793067,0.0038189163411939185,0.0027778647594011076,0.002607036655734519,0.0005746594508154947,0.003118582535535097,0.0026441298325722827
2019-06,0.003936,0.01126296296296296,0.00174,0.0019056615628262736,0.0024604544614151057,0.002723283220252778,0.0030495877072668305,0.0037413111880247674,0.0033165252320841846,0.0035370642645888434,0.0016635567543535695,0.0032913489267230034,0.003015702144423593
2019-07,0.002555,0.01126296296296296,0.002127,0.0025147630939783916,0.004103293166755042,0.00415479650707448,0.0031853160256466286,0.004517553644079319,0.0033680505303636003,0.0028962955320908455,0.0010913965892886787,0.00373931135982275,0.0033949682414975055
2019-08,0.002046,0.01126296296296296,0.002179,0.002526834165784874,0.004017061654456259,0.00450335570308774,0.0037966743090856554,0.004942858805441473,0.0037659089048431623,0.004648511374941233,0.0019793742545686907,0.00353867351077497,0.004154082446161049
2019-09,0.009363,0.01126296296296296,0.002306,0.002382583916049412,0.0037577746279354057,0.004317737020748965,0.003949285436927042,0.004557296171900321,0.003759539498991119,0.004116773049720785,0.0023869716150151936,0.0038101638201624155,0.003941277704861077
2019-10,0.002665,0.01126296296296296,0.003461,0.004476708741234589,0.008746067183982771,0.007834059430958829,0.004139567328768064,0.005742748499146896,0.007433099424782998,0.006320239732604212,0.0007518429305689261,0.0038717668503522873,0.0064019580817850155
2019-11,0.00191,0.01126296296296296,0.003603,0.003933196118864212,0.004520967800497508,0.0037553299732704924,0.002392780707010191,0.003704585473302401,0.003125174229851676,0.00340919033814245,0.00020903903302247484,0.003618452465161681,0.003440979615216717
2019-12,0.001306,0.010958044642857143,0.00377,0.0033262372832049483,0.003735887182763863,0.0035340993540520123,0.00256653857672582,0.0023536969591942585,0.002770856462887034,0.0028655454585732876,0.0027617443749302327,0.003083139192312956,0.0030559904060209904
2020-01,0.002491,0.010958044642857143,0.003418,0.002720166098243464,0.0027004657367180347,0.00231699986618721,0.001975240572083392,0.001799105566374763,0.002564056665389713,0.002306348005024724,0.0013512555109140027,0.003060713177546859,0.0023273514379420503
2020-02,0.008632,0.010958044642857143,0.003336,0.002651416268770425,0.0036861377444545452,0.0032320002598867745,0.002363074969606024,0.0021757001538753613,0.002596352398133806,0.0024011902129496437,0.0017821999223930902,0.0031558789778500795,0.0028168009756700707
2020-03,0.003724,0.010958044642857143,0.004413,0.004445591388139298,0.00775919574162241,0.007735502273419354,0.0035930256237052,0.0033944534223340228,0.008098314538982257,0.00536363219678235,0.00586515960681524,0.003327763406559825,0.005571951187369987
2020-04,0.005825,0.010958044642857143,0.00356,0.0042291139716975085,0.006161412924012047,0.007764065786242346,0.0056195678928854555,0.005271902459394902,0.007268690050611232,0.005523446282035564,0.05742417729629341,0.0063425893895328045,0.005768142366311023
2020-05,0.014206,0.010958044642857143,0.003991,0.004707879780188256,0.007190288664607836,0.009294604460420583,0.007299378724558655,0.007007757825105583,0.007527394140943534,0.005717202462606282,0.048071692911232526,0.006220259703695774,0.006735623283924258
2020-06,0.005518,0.010958044642857143,0.006153,0.0075573158461317794,0.012155698153062408,0.015371198469450148,0.00905267237530364,0.008800630631838812,0.010215067549395874,0.00734239712388972,0.08907357225088705,0.006692101247608662,0.009516922550751922
2020-07,0.009685,0.010958044642857143,0.006733,0.0069455210922922455,0.0072831381765098725,0.008831692283413836,0.006769789927853536,0.006511189843406761,0.008141811546390187,0.0073353583604581244,0.016359437368204104,0.007893403992056847,0.007129428821607178
2020-08,0.002069,0.010958044642857143,0.007932,0.007767364764604572,0.01053089181209397,0.01066116169565545,0.008021214876933075,0.00799775660362881,0.010393341455013064,0.008307650620041938,0.021301060078856873,0.007445840630680323,0.008953252436356328
2020-09,0.006093,0.010958044642857143,0.007015,0.0060578553352232,0.004391584694590304,0.004545780947963478,0.004700119390879413,0.0047300072548153976,0.0033307731481482506,0.0037099876495348895,0.027524040968096165,0.00785315502434969,0.004267230578334869
2020-10,0.011765,0.010958044642857143,0.007247,0.00606839873465624,0.007801620543905728,0.007683612853911015,0.006693425596179674,0.006878220765320335,0.007116848551426297,0.00643327022107685,0.042610842088503804,0.006926070433109999,0.006976105453720751
2020-11,0.003501,0.010958044642857143,0.008223,0.0077773791142593685,0.010967561913714317,0.009869749856802574,0.0069652190585149055,0.007106064815273471,0.008084822151249166,0.007266435687481274,0.019129443120660148,0.007123134098947048,0.008399738886570167
2020-12,0.004003,0.010795166666666666,0.006458,0.006494465379981558,0.006093831739711538,0.005763248845213429,0.004696306512096941,0.004373740120334927,0.004746922029881213,0.004726994605111624,0.004112650235239912,0.0069119893014431,0.005172377618973367
2021-01,0.005377,0.010795166666666666,0.006259,0.005747025765987091,0.0064243912461395426,0.006280502736921684,0.004835731288050468,0.004739557196260806,0.0049994380719637355,0.004049458742280544,0.0031680657310927383,0.007183997426182032,0.005103193758823518
2021-02,0.005512,0.010795166666666666,0.005813,0.005636018036190964,0.007092290690894152,0.006298993412314474,0.004144251827953794,0.004626792627911129,0.006473515743044499,0.00441805419376692,0.0017985030441055006,0.006212166976183653,0.005218198904204955
2021-03,0.001185,0.010795166666666666,0.006157,0.005598812625333675,0.0072774290395738826,0.006068234507156674,0.005347928950441945,0.004499732441546095,0.0066035397615878694,0.00428587571738152,0.0018657214063784785,0.005102884490042925,0.0056370779024657825
2021-04,0.002464,0.010795166666666666,0.005464,0.004274668837733572,0.003030869357383867,0.002700180165046326,0.003015674980441008,0.003134102433918673,0.0026261879068385213,0.0024448479925045846,0.0009763505655080053,0.00495372386649251,0.0028304641101098197
2021-05,0.001306,0.010795166666666666,0.003908,0.0037314681864135005,0.004517847664483826,0.004176230039182653,0.00326229419366722,0.0037207415536757707,0.0028159845486315834,0.002602217920266493,0.001325258478978272,0.003927469253540039,0.0034607865928058465
2021-06,0.000551,0.010795166666666666,0.003545,0.00300382773048945,0.0027850915469550667,0.002456085920635055,0.0027908078755648834,0.0031431346626959204,0.002423337151054232,0.0024448479925045846,0.0015164249875389438,0.00413433788344264,0.0026735824716748444
2021-07,0.00132,0.010795166666666666,0.002744,0.0022679794113426147,0.0017265140466148593,0.0014854395115639365,0.0019264225947106138,0.0024742794372195264,0.002313991539869118,0.002529898575575081,0.000899432722566047,0.004083590116351843,0.0020609450723001847
2021-08,0.001981,0.010795166666666666,0.002044,0.00198358558793983,0.002501600170074198,0.002262822406349245,0.0020882013516163836,0.0028577988434790812,0.0023651609303639207,0.002486676652600542,0.0009290445707398101,0.003711828961968422,0.002358826058097041
2021-09,0.001761,0.010795166666666666,0.001473,0.0019828099115578807,0.0031976604716914348,0.002963619801374248,0.002699432843039263,0.003359339368336613,0.0024796341834616223,0.0026245719150095525,0.001683753564781673,0.0038405857048928738,0.002840555076580083
2021-10,0.006796,0.010795166666666666,0.001598,0.0019162669380905165,0.003751653052375609,0.0034532440439310782,0.0026427932137014875,0.003475903710953519,0.002698977966855022,0.0025526868759174455,0.0011136892779363894,0.0044021825306117535,0.00298237771399818
2021-11,0.004732,0.010795166666666666,0.002326,0.003380186856663362,0.0066089847005847725,0.005979205080154057,0.0038229501642947842,0.004820036188118694,0.006349229165916457,0.004769188816014475,0.0020145973595873425,0.004183638840913773,0.0050670412269646775
2021-12,0.007731,0.010538072222222222,0.00286,0.003785730799664353,0.005889974966479039,0.005416454309647019,0.0037027847831485818,0.004211661443363799,0.005430172182134701,0.005322952556478211,0.005116062658409147,0.003275251016020775,0.004971904102035278
2022-01,0.004976,0.010538072222222222,0.004066,0.004969311559765047,0.008159713966423386,0.008175612317100173,0.0049130537956031,0.005800649117378867,0.006064553254966673,0.006131336377396642,0.008710499448170829,0.005175280850380659,0.006401368046474377
2022-02,0.003633,0.010538072222222222,0.004677,0.004971318091835533,0.007306356726670972,0.007343884554266149,0.004919871485704697,0.0054162160125557,0.006013889322539722,0.0063114357106596975,0.005913204162407074,0.0051880525425076485,0.006179221307678455
2022-03,0.002438,0.010538072222222222,0.005077,0.004569822664284873,0.005522302592614391,0.0054004624950750825,0.004332912641494574,0.004496617981797756,0.005055757423258287,0.004839167673243817,0.004121234548303756,0.005261892918497324,0.004898127635784261
2022-04,0.002586,0.010538072222222222,0.005104,0.003930275864999411,0.004221110412120291,0.004152858044464799,0.0038873838130823474,0.004129552435683005,0.003492015142554047,0.004051781127797715,0.0052440037864345855,0.005215040408074856,0.0040534251176667846
2022-05,0.002493,0.010538072222222222,0.004404,0.0035269931054995878,0.004054149881411001,0.0040432223303064835,0.0038608496649925445,0.004165818996685902,0.0036444284459857053,0.004222273119861153,0.003024097085657653,0.004944018088281155,0.004045757555421566
2022-06,0.002327,0.010538072222222222,0.00434,0.0032167951738497113,0.0039692936199049265,0.004137852875994215,0.004003297404541528,0.00450462708244142,0.0037782253833730864,0.004963408378500991,0.008404037892256902,0.0049918764270842075,0.004311999800982482
2022-07,0.003419,0.010538072222222222,0.003378,0.002949856621694798,0.0037706277249777275,0.0034213206954175116,0.0034479139138765135,0.0037972697081891833,0.0029859743394430667,0.003523525725082731,0.0014325037798999015,0.005044879391789436,0.003580689121312324
2022-08,0.003505,0.010538072222222222,0.002816,0.0030905996351863587,0.004491423730375857,0.004108771365743487,0.003602113491393664,0.004055208046699506,0.004927837793275027,0.005327196768093294,0.0022829733591124054,0.004671541508287191,0.004473577996620938
2022-09,0.003368,0.010538072222222222,0.00282,0.003214919744630451,0.004864864625117284,0.005282199993472728,0.0038496793584907774,0.00488531965429801,0.005973698530469797,0.007311668938798088,0.0030356786810515992,0.004692258778959513,0.0053420709741353834
2022-10,0.012517,0.010538072222222222,0.003061,0.0032608438212413157,0.005019358243865714,0.006261624220704001,0.005060965273377785,0.005123351324728492,0.005998485255142687,0.007703701072490942,0.02059643974430781,0.005266022402793169,0.005928008196578148
2022-11,0.004732,0.010538072222222222,0.004622,0.006037690674868921,0.01066168544661332,0.010809252235326219,0.005911923760628888,0.006590167295480591,0.005843733633360622,0.005772068824295007,0.014610480967971757,0.005658821668475866,0.00744855934384574
2022-12,0.003534,0.010342556451612903,0.005035,0.005645983472408245,0.006621103455339876,0.0062794591387265895,0.003912574638752104,0.0046128161318115405,0.00595250885699589,0.005576514219465658,0.004490394063858361,0.004759878385812044,0.005370064104519213
2023-01,0.005221,0.010342556451612903,0.0052,0.005012388430685771,0.005747629580691032,0.006142186363348251,0.004313154429112592,0.004263999517564444,0.0053690220381197445,0.005900583136817858,0.005260952649106353,0.005158890970051289,0.005320455715540494
2023-02,0.008293,0.010342556451612903,0.005527,0.00507497190148004,0.0064063646836567505,0.005881842572100662,0.00431792281344858,0.004749697161416631,0.005278497653579503,0.00593954131645238,0.008813265210819038,0.005086585879325867,0.005554609604519238
2023-03,0.009562,0.010342556451612903,0.006308,0.006040380331036028,0.008129005179155874,0.008370361126768693,0.0059306915314615806,0.005574736907144819,0.004967871982939734,0.005433181018401812,0.0049799478224812,0.005347226280719042,0.006497625909673089
2023-04,0.002992,0.010342556451612903,0.00731,0.007096866231725219,0.009713608541539239,0.009810731278578313,0.006489772555988467,0.0060277205537957864,0.005532241948332342,0.0063192831430644025,0.0038212780726860555,0.00573092931881547,0.0075075547468640355
2023-05,0.003284,0.010342556451612903,0.005747,0.005865406362207653,0.005424583083038553,0.005927994669301731,0.004655043643711593,0.004282012090958097,0.004659703507678498,0.004934330898838541,0.004083611111455967,0.005840200465172529,0.005004652541862896
2023-06,0.031426,0.010342556451612903,0.005497,0.005090984453545357,0.005364739069389267,0.0053994517713522126,0.00461810809556524,0.004590290911968852,0.005131336918012557,0.005144240542434636,0.009023160807696547,0.0052314936183393,0.005042362569129715
2023-07,0.011584,0.010342556451612903,0.010158,0.012991489117481752,0.020047051191065257,0.02267726359838544,0.016250442651785216,0.01473133521401842,0.009822911151300292,0.010423922545925281,0.006544196762431403,0.0052199587225914,0.01557380546292525
2023-08,0.00402,0.010342556451612903,0.01119,0.012569242382237228,0.012113455677938433,0.012468927684166829,0.0074630089650353695,0.007552764481955727,0.008091726450764431,0.008860310055111528,0.0044343720843858835,0.007920646108686924,0.009478924899361777
2023-09,0.006406,0.010342556451612903,0.01055,0.01000446966756606,0.008147685778191117,0.008472608807457488,0.006034595435876461,0.005734426372050233,0.007540189290581288,0.008417691740484689,0.004529715558711437,0.007260959129780531,0.0075333243181840885
2023-10,0.015588,0.010342556451612903,0.010114,0.008924928767296243,0.009393448446006236,0.009670058244101066,0.006347667548105514,0.006307955448774922,0.007882025945090103,0.00739414841318729,0.004639762198116086,0.006599863991141319,0.007711754802433014
2023-11,0.001831,0.010342556451612903,0.012069,0.01092385013710737,0.013463695047110421,0.016848416559505083,0.01199356568604472,0.010621665416946188,0.007810541869434441,0.00806391517682763,0.0068114250785270645,0.006626605987548828,0.01117372530332759
2023-12,0.002871,0.010289510416666666,0.011964,0.008195995095975158,0.005483255661936733,0.006205658090164206,0.006212169331561677,0.0052883609547625205,0.0035551700776778406,0.003951098495736645,0.003115087922660555,0.008912472985684872,0.005215507829745018
2024-01,0.00285,0.010289510416666666,0.009451,0.00659849656718261,0.005573330433499713,0.005260639533719023,0.0045696420566812375,0.004607879477776962,0.0030931410438997022,0.002668437073040706,0.004896396304116751,0.007199511863291264,0.004270469854407219
2024-02,0.007687,0.010289510416666666,0.005825,0.005473947597027826,0.004815601444092322,0.005924354667991253,0.005906112099344048,0.005376003585897584,0.0037140465826251126,0.0038856919927309657,0.0031959631394577514,0.005689192097634077,0.004869135178722445
2024-03,0.004516,0.010289510416666666,0.006338,0.006137863317919479,0.008395668743132986,0.008375677732823309,0.006671016149066336,0.0066986607420407825,0.0062723441445494054,0.005085630037250552,0.0018293110939680464,0.006542969960719347,0.0067174383098166255
2024-04,0.00305,0.010289510416666666,0.00613,0.005651304322543635,0.0066080993054235685,0.008338305553947252,0.006137909702166608,0.006268732569769868,0.006884259379097182,0.008137165469347384,0.0021729398114173444,0.005876041948795319,0.0069610581589791875
2024-05,0.004736,0.010289510416666666,0.003979,0.0048709130257805445,0.005829195053228781,0.006174083802970632,0.005076260517934381,0.005235986898229742,0.0048795489536657315,0.004381082764749766,0.004178167037589482,0.0061786281876266,0.005095512778637643
2024-06,0.009712,0.010289510416666666,0.004315,0.0048304391180463814,0.006559856440806212,0.007150155377345072,0.005904490466814426,0.005883917782995344,0.007253281776858085,0.006766236974206431,0.003229411321929096,0.0050677647814154625,0.00641019462727569
2024-07,0.017047,0.010289510416666666,0.005472,0.006294907382632468,0.009168770762785137,0.009277207123324535,0.006060921540781742,0.006658785469378387,0.0055960043268571446,0.0038437550797356212,0.00414843178243129,0.005666136275976896,0.006357815794434167
2024-08,0.011882,0.010289510416666666,0.007841,0.009520535167842728,0.013956496097557915,0.01345922719099731,0.006951394301470971,0.008592478213915806,0.007998506210731735,0.006526009035247624,0.00570730843457705,0.0048914882354438305,0.009144633144758836
2024-09,0.008269,0.010289510416666666,0.008675,0.01022897461748991,0.014010589189392523,0.012079819471409296,0.007006149108968882,0.008109684383653726,0.007655787425680634,0.007462126411561248,0.009317870615030562,0.004786578472703695,0.009492954903307552
2024-10,0.004714,0.010289510416666666,0.009435,0.009640982232242936,0.01053445840355473,0.008925327261017605,0.005857729831633114,0.006279920746480612,0.0072735587613434695,0.007298409453643336,0.009239044754885769,0.00473250076174736,0.00789686589627706
2024-11,0.005682,0.010289510416666666,0.009527,0.008162887562570055,0.007445583717364133,0.006773997161622881,0.005100080923526469,0.005391856804989974,0.006939145359492095,0.006927700603106179,0.004353132503146171,0.004780290182679892,0.0064911217479989266
2024-12,0.010491,0.010187343434343436,0.009711,0.007418621293799039,0.0075532907913334,0.006894067442044114,0.0051681039242863856,0.005251200309798396,0.006978444367993481,0.007134499713434693,0.004935883729197051,0.005095084197819233,0.006618631476351493
2025-01,0.008244,0.010187343434343436,0.010606,0.008340334905659327,0.01101470659762692,0.009299852059932362,0.006870613014006955,0.00690324204946957,0.006450890710264035,0.005750070096168151,0.004085442618732471,0.00522257573902607,0.007878463235934009
2025-02,0.011237,0.010187343434343436,0.009691,0.00831143443396153,0.00972431444529909,0.00851346738041513,0.005762879638912341,0.00591767260340135,0.006323822888179277,0.005657151047715614,0.004826313188976966,0.0054437848739326,0.007048115043975682
2025-03,0.009217,0.010187343434343436,0.008544,0.00918910410377307,0.012070148280746944,0.013470561247825813,0.007679901994939014,0.008533575983824145,0.009055128273727822,0.008233065071961452,0.002307379696265852,0.0055326740257442,0.00932770511588247
2025-04,0.014506,0.010187343434343436,0.008896,0.009197472872641149,0.01030941190730504,0.012398115738163554,0.006539010917070909,0.006932874834855529,0.007833191347172433,0.006472497823389788,0.005227680069913422,0.007824467495083809,0.0077736402159219115
2025-05,0.007886,0.010187343434343436,0.010157,0.010790031010848803,0.014025951770995545,0.013128501943007354,0.008099391591928923,0.008457597925528448,0.008808465009357776,0.008942365702891015,0.010883651935429043,0.007675906177610159,0.010355903021938494
2025-06,0.01212,0.010187343434343436,0.010477,0.009918821707594162,0.010347462855813767,0.010515233673901782,0.005862216321088511,0.00597042215782595,0.00834162371305796,0.008135956597918732,0.014728549799779146,0.006962053012102842,0.008115211924940337
2025-07,0.008603,0.010187343434343436,0.010653,0.010579175195315914,0.012579350228554815,0.011768941186109069,0.005705725460363937,0.006152248789361563,0.008097940090357159,0.007980326307442368,0.019496935156479486,0.006171167362481356,0.00875513399878704
2025-08,0.003704,0.010187343434343436,0.010828,0.00998632263672114,0.010806247813816588,0.010441468936175511,0.005383972686889137,0.005780130037547642,0.006981000295132662,0.00596965053675949,0.011212141719665109,0.006153741851449013,0.007386623679155072
2025-09,0.021824,0.010187343434343436,0.009588,0.008101625845704797,0.006586401548748902,0.0064226773879900445,0.004170789396393887,0.004148407845900724,0.005089472902990497,0.004836477009882152,0.006938421274682182,0.006385629065334797,0.005197889318341646
2025-10,0.010784,0.010187343434343436,0.011555,0.01221833809199336,0.017183348849626856,0.015267041685869636,0.007788539448760575,0.008359346939192958,0.008873109984090537,0.007803688809893097,0.010641953587550247,0.005182326305657625,0.010925192369426842
2025-11,0.005039,0.010187343434343436,0.011938,0.011788036664395351,0.012230295683926588,0.01112979135635232,0.005682036065570597,0.005928696603520523,0.007953031500697927,0.007675973695296449,0.005302654445079145,0.005689037032425404,0.008529435148264543
2025-12,0.012993,0.010190791666666666,0.010501,0.009763325665076745,0.008565217760919992,0.008054282354650364,0.0051970871313853206,0.004933717800630859,0.008693421006417347,0.008920100252533663,0.004450338531299274,0.007722184993326664,0.007560801714946326
2026-01,0.016637,0.010190791666666666,0.010935,0.010732227965553722,0.012757909039699675,0.012194055380091919,0.008938671760521849,0.008517256116232651,0.007461768921291437,0.008263875908927111,0.006108809973164608,0.0064155482687056065,0.009986818903049545
2026-02,0.01701,0.010190791666666666,0.012319,0.012503659575887605,0.016532070908066663,0.01895674015512573,0.015271306887183944,0.01408861709494808,0.011350724826847963,0.014346778344320727,0.006700026118072806,0.006846802309155464,0.015383385379857112
2026-03,0.017365,0.010190791666666666,0.014297,0.013855561703121324,0.016140797287418036,0.018207215520223193,0.012131025160282517,0.011874051478688634,0.013036961545874682,0.011907244758019379,0.002408291317911895,0.011265271343290806,0.013393022401906644
