month,ExpandingMean,RW126,EWMA,HAR,HARX,Ridge,Lasso,RF,HGB,MLP,LSTM,ENS
2001-12,0.268,0.307,0.3048,0.2764,0.2436,0.2665,0.2666,0.2495,0.2511,0.2234,0.243,0.264
2002-01,0.268,0.3096,0.314,0.2924,0.2679,0.2832,0.2994,0.2679,0.2458,0.2404,0.239,0.2715
2002-02,0.268,0.3066,0.3213,0.2805,0.2443,0.2774,0.2833,0.2646,0.2605,0.2591,0.2598,0.2724
2002-03,0.268,0.346,0.3534,0.3605,0.3092,0.3105,0.363,0.3014,0.3388,0.1755,0.2576,0.3347
2002-04,0.268,0.3457,0.3724,0.3501,0.3171,0.3543,0.3314,0.2952,0.3245,0.2373,0.2615,0.3422
2002-05,0.268,0.3597,0.3695,0.3811,0.3197,0.3292,0.3263,0.3038,0.2744,0.2759,0.344,0.3195
2002-06,0.268,0.3588,0.356,0.2939,0.2454,0.2875,0.2683,0.288,0.302,0.3753,0.3511,0.2943
2002-07,0.268,0.2606,0.2186,0.1601,0.162,0.159,0.151,0.214,0.2814,0.1897,0.3174,0.1814
2002-08,0.268,0.2543,0.2288,0.2186,0.2099,0.2184,0.2562,0.2247,0.2459,0.204,0.2795,0.2266
2002-09,0.268,0.2524,0.2592,0.2835,0.2808,0.2953,0.3044,0.2849,0.2907,0.1897,0.2452,0.2897
2002-10,0.268,0.2526,0.2893,0.3439,0.3063,0.2882,0.3083,0.2653,0.2556,0.1841,0.27,0.2895
2002-11,0.268,0.2549,0.3112,0.343,0.3723,0.2712,0.3028,0.2798,0.2258,0.1547,0.241,0.2682
2002-12,0.2702,0.2532,0.311,0.2731,0.307,0.2579,0.2648,0.2757,0.3028,0.2688,0.3479,0.2761
2003-01,0.2702,0.3312,0.331,0.3269,0.2922,0.2841,0.2942,0.3028,0.2746,0.275,0.3257,0.2927
2003-02,0.2702,0.3892,0.3583,0.3473,0.2981,0.2838,0.2999,0.2969,0.2801,0.255,0.2855,0.2995
2003-03,0.2702,0.3552,0.3239,0.2622,0.2388,0.2577,0.2446,0.2536,0.2428,0.2995,0.2529,0.2538
2003-04,0.2702,0.3282,0.3037,0.2576,0.2715,0.2501,0.2625,0.2628,0.2565,0.169,0.2524,0.2547
2003-05,0.2702,0.3131,0.3099,0.2742,0.27,0.2773,0.2867,0.3098,0.3041,0.3255,0.3149,0.2843
2003-06,0.2702,0.3173,0.3063,0.2644,0.3056,0.2707,0.2892,0.304,0.3073,0.2745,0.304,0.279
2003-07,0.2702,0.3193,0.3359,0.3508,0.3994,0.3235,0.3528,0.357,0.3366,0.2291,0.3622,0.3364
2003-08,0.2702,0.319,0.3533,0.3311,0.3808,0.3079,0.3447,0.3495,0.3739,0.2167,0.364,0.3344
2003-09,0.2702,0.332,0.3507,0.2997,0.3373,0.2743,0.319,0.3307,0.3031,0.1207,0.3606,0.2915
2003-10,0.2702,0.345,0.3609,0.3271,0.3292,0.2635,0.3349,0.3349,0.3028,0.2011,0.3202,0.2942
2003-11,0.2702,0.3666,0.3736,0.3336,0.3291,0.2729,0.3447,0.2966,0.2547,0.1546,0.2976,0.2817
2003-12,0.273,0.3041,0.2602,0.1943,0.2108,0.1941,0.2158,0.2565,0.2331,0.2292,0.2873,0.2049
2004-01,0.273,0.2979,0.2857,0.2541,0.2635,0.2536,0.2957,0.3237,0.347,0.3249,0.2872,0.2761
2004-02,0.273,0.296,0.311,0.3055,0.3187,0.3137,0.3484,0.334,0.3508,0.348,0.2885,0.3216
2004-03,0.273,0.2973,0.311,0.2817,0.2656,0.2887,0.3066,0.346,0.348,0.1868,0.3072,0.3022
2004-04,0.273,0.2228,0.2006,0.1565,0.1914,0.1961,0.1796,0.2827,0.4176,0.1735,0.2638,0.2033
2004-05,0.273,0.1956,0.1834,0.161,0.1914,0.2558,0.1962,0.2493,0.3246,0.2857,0.3501,0.2176
2004-06,0.273,0.2098,0.2096,0.2698,0.2935,0.3968,0.3394,0.3274,0.349,0.5613,0.3267,0.3256
2004-07,0.273,0.2194,0.2456,0.4005,0.4328,0.4062,0.3963,0.5197,0.5694,0.7936,0.338,0.4416
2004-08,0.273,0.2224,0.2836,0.4581,0.5529,0.3733,0.3965,0.5272,0.5696,0.3792,0.3704,0.4469
2004-09,0.273,0.2105,0.2534,0.2278,0.3,0.2576,0.2572,0.2762,0.3152,0.3438,0.3898,0.2599
2004-10,0.273,0.2254,0.2097,0.1785,0.2157,0.2166,0.2018,0.2522,0.3055,0.3301,0.3668,0.2175
2004-11,0.273,0.2767,0.2393,0.309,0.3379,0.3778,0.3731,0.3413,0.4058,0.6346,0.3339,0.3569
2004-12,0.2674,0.2232,0.1936,0.1658,0.1998,0.2239,0.2105,0.2481,0.2388,0.5979,0.2789,0.2015
2005-01,0.2674,0.1909,0.1753,0.1654,0.1921,0.2506,0.2068,0.2527,0.2828,0.8955,0.3032,0.2149
2005-02,0.2674,0.1829,0.1904,0.2125,0.2468,0.3948,0.2819,0.2507,0.2773,0.9923,0.2894,0.2686
2005-03,0.2674,0.1932,0.2214,0.3329,0.3649,0.5059,0.3596,0.3931,0.4227,0.9477,0.2739,0.4024
2005-04,0.2674,0.2214,0.2565,0.3633,0.3577,0.4154,0.3531,0.3975,0.363,0.4775,0.2989,0.3783
2005-05,0.2674,0.2231,0.294,0.3938,0.388,0.3762,0.3613,0.411,0.465,0.5866,0.2937,0.4067
2005-06,0.2674,0.2721,0.3332,0.3975,0.3348,0.3578,0.3527,0.4519,0.4794,0.5364,0.2858,0.4028
2005-07,0.2674,0.4349,0.3843,0.4803,0.4026,0.371,0.4013,0.5252,0.5446,0.5307,0.2397,0.4476
2005-08,0.2674,0.5981,0.4271,0.4284,0.3511,0.3947,0.3873,0.5532,0.4976,0.3976,0.2569,0.4343
2005-09,0.2674,0.6208,0.4692,0.4375,0.3574,0.3656,0.3907,0.5051,0.472,0.3999,0.3099,0.4177
2005-10,0.2674,0.66,0.5302,0.5193,0.4318,0.4175,0.403,0.5888,0.4777,0.39,0.3314,0.4658
2005-11,0.2674,0.6799,0.5541,0.4335,0.3464,0.3462,0.3795,0.4633,0.4662,0.4539,0.343,0.4053
2005-12,0.272,0.6529,0.5376,0.4039,0.385,0.4249,0.3988,0.3364,0.3234,0.4685,0.5576,0.3759
2006-01,0.272,0.4757,0.389,0.2582,0.2408,0.3076,0.3032,0.2457,0.2355,0.1452,0.5461,0.2623
2006-02,0.272,0.4683,0.4231,0.3761,0.3495,0.3925,0.3768,0.4427,0.386,0.1579,0.4924,0.3847
2006-03,0.272,0.4733,0.4727,0.4645,0.4316,0.4187,0.4043,0.5563,0.5508,0.1826,0.5007,0.469
2006-04,0.272,0.4729,0.5329,0.5233,0.485,0.395,0.4152,0.5799,0.5551,0.1937,0.5007,0.4748
2006-05,0.272,0.4676,0.5464,0.4392,0.4103,0.393,0.3814,0.5761,0.4977,0.2097,0.483,0.4372
2006-06,0.272,0.4505,0.4951,0.3489,0.3383,0.3831,0.3419,0.2905,0.3093,0.2193,0.4905,0.3431
2006-07,0.272,0.5905,0.5673,0.605,0.5893,0.5136,0.4237,0.5893,0.5852,0.4115,0.4738,0.5637
2006-08,0.272,0.6193,0.5767,0.435,0.4488,0.4691,0.3985,0.5709,0.484,0.4812,0.5054,0.4613
2006-09,0.272,0.5787,0.5513,0.3991,0.4163,0.475,0.3838,0.3127,0.2788,0.4294,0.5066,0.3567
2006-10,0.272,0.5692,0.5811,0.4632,0.4832,0.5552,0.4043,0.5599,0.5599,0.4649,0.5064,0.52
2006-11,0.272,0.6081,0.6635,0.7232,0.7463,0.6612,0.4587,0.5846,0.5513,0.6265,0.5164,0.6329
2006-12,0.279,0.6805,0.6676,0.4967,0.5149,0.6584,0.458,0.591,0.5188,0.7595,0.5169,0.5457
2007-01,0.279,0.6457,0.6509,0.5157,0.5523,0.6665,0.4611,0.6025,0.5546,0.6795,0.5152,0.5691
2007-02,0.279,0.6552,0.6577,0.4901,0.5242,0.6443,0.4606,0.5995,0.5504,0.6966,0.5238,0.5512
2007-03,0.279,0.7019,0.6602,0.4874,0.5122,0.6456,0.4624,0.6333,0.6166,0.7912,0.5097,0.5698
2007-04,0.279,0.6204,0.5519,0.3689,0.3677,0.4584,0.4132,0.358,0.3925,0.7025,0.5044,0.4016
2007-05,0.279,0.5026,0.4494,0.3123,0.3011,0.3653,0.3789,0.3234,0.3223,0.6377,0.4842,0.3311
2007-06,0.279,0.4533,0.4184,0.3038,0.2956,0.3628,0.3683,0.3157,0.316,0.4051,0.4657,0.3247
2007-07,0.279,0.4407,0.4331,0.3716,0.3523,0.3934,0.4108,0.3422,0.3364,0.4964,0.4682,0.3648
2007-08,0.279,0.4094,0.4122,0.3262,0.3104,0.4266,0.3557,0.2859,0.2734,0.5727,0.4442,0.3258
2007-09,0.279,0.3885,0.4111,0.3103,0.2904,0.3455,0.3453,0.2771,0.2718,0.4995,0.4006,0.3048
2007-10,0.279,0.3759,0.3902,0.3148,0.2987,0.3868,0.3532,0.2698,0.2711,0.4793,0.383,0.3142
2007-11,0.279,0.3481,0.3332,0.2585,0.2431,0.3351,0.2928,0.2384,0.2282,0.4323,0.3827,0.2639
2007-12,0.2835,0.3534,0.3436,0.2978,0.2792,0.3044,0.3225,0.2963,0.3328,0.2561,0.3075,0.3106
2008-01,0.2835,0.3323,0.3323,0.2868,0.2684,0.3042,0.2952,0.293,0.3163,0.3763,0.3076,0.3017
2008-02,0.2835,0.3187,0.3363,0.2652,0.2403,0.2368,0.2883,0.2839,0.3007,0.225,0.2793,0.2638
2008-03,0.2835,0.3325,0.3741,0.3992,0.3595,0.3177,0.3739,0.477,0.4724,0.2706,0.2529,0.381
2008-04,0.2835,0.3543,0.4144,0.4225,0.3769,0.3234,0.3951,0.5306,0.511,0.4062,0.2901,0.3974
2008-05,0.2835,0.3742,0.4536,0.4376,0.382,0.3197,0.3984,0.5382,0.5145,0.4213,0.338,0.3996
2008-06,0.2835,0.4382,0.5074,0.521,0.4636,0.371,0.4139,0.5395,0.5357,0.39,0.3642,0.4559
2008-07,0.2835,0.4742,0.5323,0.4611,0.4221,0.3712,0.3917,0.4837,0.4205,0.4972,0.3694,0.4127
2008-08,0.2835,0.6253,0.5684,0.4787,0.4587,0.398,0.3992,0.5145,0.51,0.4814,0.3524,0.4545
2008-09,0.2835,0.5363,0.4543,0.3131,0.3261,0.4142,0.3132,0.307,0.3184,0.4308,0.3742,0.3404
2008-10,0.2835,0.3653,0.2959,0.215,0.2087,0.382,0.1908,0.2252,0.2404,0.6823,0.3202,0.256
2008-11,0.2835,0.3083,0.2644,0.2186,0.2194,0.2942,0.1955,0.2169,0.2584,0.4679,0.2312,0.2514
2008-12,0.2865,0.2967,0.2884,0.3119,0.2982,0.3045,0.2707,0.2556,0.3457,0.3501,0.2698,0.3193
2009-01,0.2865,0.285,0.3048,0.2963,0.2844,0.2883,0.2575,0.2561,0.327,0.3347,0.2447,0.3025
2009-02,0.2865,0.2725,0.3114,0.2947,0.2893,0.2796,0.2455,0.2551,0.3001,0.3775,0.238,0.2911
2009-03,0.2865,0.2808,0.3415,0.3667,0.3503,0.3053,0.2916,0.2724,0.299,0.3508,0.2359,0.3197
2009-04,0.2865,0.306,0.3162,0.2663,0.2585,0.3094,0.2554,0.2687,0.3315,0.2334,0.2282,0.2986
2009-05,0.2865,0.3584,0.3428,0.3328,0.3153,0.3788,0.3211,0.3218,0.3358,0.278,0.2462,0.3474
2009-06,0.2865,0.3765,0.3932,0.4887,0.4661,0.4595,0.391,0.4828,0.5206,0.2812,0.2648,0.4877
2009-07,0.2865,0.416,0.45,0.5882,0.5369,0.4943,0.4288,0.4934,0.489,0.3652,0.2556,0.5183
2009-08,0.2865,0.4517,0.4644,0.4036,0.3618,0.4287,0.3819,0.3515,0.4059,0.2884,0.256,0.4123
2009-09,0.2865,0.4757,0.4941,0.4771,0.4192,0.4552,0.4218,0.5627,0.5938,0.3093,0.2734,0.4988
2009-10,0.2865,0.5867,0.5091,0.4203,0.3635,0.3728,0.3992,0.4956,0.4097,0.2569,0.2843,0.3993
2009-11,0.2865,0.6175,0.5305,0.4469,0.3843,0.3577,0.4028,0.52,0.3541,0.2742,0.3021,0.3798
2009-12,0.2912,0.5643,0.5022,0.3802,0.3398,0.3594,0.3891,0.334,0.3674,0.3163,0.3389,0.3687
2010-01,0.2912,0.4483,0.3959,0.2814,0.2656,0.3455,0.3144,0.3195,0.4324,0.2934,0.3468,0.3374
2010-02,0.2912,0.4571,0.4377,0.4179,0.3972,0.4466,0.4101,0.4869,0.5814,0.4052,0.3824,0.468
2010-03,0.2912,0.4681,0.4892,0.5174,0.4919,0.5075,0.4529,0.5397,0.6274,0.7525,0.4006,0.5434
2010-04,0.2912,0.4696,0.5148,0.4771,0.4582,0.5272,0.4363,0.5231,0.6051,0.6881,0.4021,0.529
2010-05,0.2912,0.4396,0.4703,0.3565,0.3439,0.4429,0.3679,0.3433,0.4467,0.3929,0.4268,0.4085
2010-06,0.2912,0.4378,0.4766,0.3981,0.3779,0.4474,0.402,0.3522,0.5019,0.4973,0.3991,0.4432
2010-07,0.2912,0.5262,0.4813,0.404,0.4136,0.4299,0.4113,0.4057,0.4642,0.4011,0.3862,0.4306
2010-08,0.2912,0.4846,0.4426,0.3593,0.3663,0.4049,0.3839,0.3389,0.4042,0.3447,0.4128,0.3876
2010-09,0.2912,0.4863,0.5071,0.5665,0.5717,0.5007,0.4791,0.5568,0.6576,0.4468,0.4085,0.5644
2010-10,0.2912,0.4821,0.5212,0.4305,0.4403,0.4763,0.4327,0.5385,0.6676,0.3939,0.4154,0.499
2010-11,0.2912,0.5018,0.4789,0.3994,0.4041,0.4551,0.42,0.3478,0.5155,0.3517,0.426,0.4493
2010-12,0.296,0.4951,0.4783,0.4035,0.4048,0.4615,0.4274,0.4104,0.3517,0.4785,0.4202,0.3982
2011-01,0.296,0.5097,0.5088,0.4577,0.4585,0.4922,0.4514,0.535,0.4769,0.5167,0.4028,0.4749
2011-02,0.296,0.5215,0.5046,0.3865,0.3792,0.4304,0.4083,0.3953,0.4392,0.4617,0.4035,0.4167
2011-03,0.296,0.4523,0.4284,0.3196,0.3089,0.3665,0.3675,0.3544,0.4114,0.2809,0.3875,0.36
2011-04,0.296,0.4238,0.4081,0.3316,0.3158,0.3737,0.3828,0.3572,0.3534,0.3868,0.3412,0.3517
2011-05,0.296,0.3883,0.3627,0.2857,0.27,0.3373,0.3392,0.3339,0.3509,0.3359,0.3521,0.3207
2011-06,0.296,0.3943,0.3938,0.3945,0.3747,0.4198,0.4186,0.4243,0.4531,0.354,0.3494,0.4204
2011-07,0.296,0.3873,0.4208,0.3978,0.3835,0.4373,0.4196,0.4294,0.4081,0.3409,0.372,0.4134
2011-08,0.296,0.3397,0.3331,0.259,0.2544,0.3492,0.2874,0.288,0.4529,0.2419,0.3837,0.3274
2011-09,0.296,0.3585,0.3675,0.3871,0.3796,0.4601,0.3802,0.3817,0.5355,0.4351,0.3786,0.4489
2011-10,0.296,0.3574,0.3735,0.3279,0.3316,0.4334,0.348,0.3333,0.4326,0.9542,0.3759,0.3876
2011-11,0.296,0.3898,0.3934,0.3759,0.3882,0.5073,0.368,0.3858,0.6414,1.1836,0.3919,0.4733
2011-12,0.2993,0.3916,0.4246,0.412,0.4345,0.5281,0.3836,0.4871,0.4528,0.7202,0.4609,0.4572
2012-01,0.2993,0.3956,0.4577,0.4342,0.4588,0.5425,0.3949,0.5234,0.5018,0.7482,0.4597,0.4865
2012-02,0.2993,0.466,0.4419,0.3598,0.3859,0.5418,0.3683,0.4313,0.419,0.7722,0.4665,0.4223
2012-03,0.2993,0.4828,0.4933,0.5033,0.5477,0.6816,0.4414,0.6009,0.4669,0.7976,0.4866,0.5298
2012-04,0.2993,0.5401,0.5452,0.515,0.5574,0.6758,0.4467,0.6078,0.6387,0.7702,0.5149,0.5972
2012-05,0.2993,0.5573,0.5527,0.4528,0.483,0.5854,0.4162,0.4829,0.6046,0.747,0.5199,0.5337
2012-06,0.2993,0.5666,0.5571,0.4308,0.456,0.5448,0.4117,0.4613,0.548,0.6253,0.5022,0.4982
2012-07,0.2993,0.5731,0.5695,0.4571,0.476,0.5373,0.4249,0.4917,0.6494,0.4948,0.484,0.5315
2012-08,0.2993,0.6181,0.5608,0.4408,0.4496,0.4575,0.4172,0.4691,0.4604,0.4913,0.4775,0.4527
2012-09,0.2993,0.6121,0.5946,0.4964,0.5041,0.4885,0.4415,0.5776,0.6478,0.5004,0.4457,0.5312
2012-10,0.2993,0.5799,0.5744,0.4365,0.4435,0.4618,0.4133,0.4683,0.4248,0.5144,0.4493,0.4402
2012-11,0.2993,0.547,0.5114,0.3995,0.4063,0.4328,0.4001,0.3908,0.3372,0.4937,0.4641,0.3835
2012-12,0.3043,0.5017,0.4653,0.3512,0.3203,0.4409,0.3844,0.3968,0.4192,0.3913,0.4368,0.398
2013-01,0.3043,0.5084,0.5161,0.5214,0.4932,0.5704,0.4703,0.5505,0.5092,0.7451,0.442,0.5318
2013-02,0.3043,0.5177,0.5685,0.5107,0.5201,0.5301,0.468,0.5694,0.5626,0.4874,0.4805,0.5332
2013-03,0.3043,0.5371,0.6281,0.5996,0.6148,0.5712,0.4872,0.5742,0.5575,0.5809,0.4734,0.5753
2013-04,0.3043,0.5006,0.5052,0.3612,0.3413,0.459,0.3867,0.397,0.4211,0.6551,0.4807,0.4077
2013-05,0.3043,0.5047,0.4978,0.4053,0.4263,0.5158,0.4251,0.4428,0.4951,0.5238,0.4355,0.4641
2013-06,0.3043,0.5057,0.4525,0.3471,0.333,0.485,0.3818,0.4057,0.45,0.6405,0.4968,0.4142
2013-07,0.3043,0.5013,0.4912,0.4796,0.4393,0.5405,0.4536,0.5407,0.6215,0.4152,0.4727,0.5381
2013-08,0.3043,0.4973,0.5278,0.4796,0.505,0.5586,0.4511,0.5092,0.5073,0.5711,0.4758,0.5122
2013-09,0.3043,0.494,0.5819,0.562,0.5904,0.5847,0.4745,0.574,0.5871,0.5854,0.5194,0.5776
2013-10,0.3043,0.5541,0.622,0.5472,0.5954,0.6598,0.4734,0.5859,0.5666,0.6861,0.5247,0.5855
2013-11,0.3043,0.615,0.7056,0.7241,0.7775,0.7104,0.51,0.5938,0.5386,0.9243,0.5403,0.6395
2013-12,0.3096,0.7698,0.7328,0.5836,0.6295,0.6455,0.4952,0.67,0.6439,0.6193,0.5623,0.6223
2014-01,0.3096,0.7789,0.7209,0.5421,0.5652,0.5979,0.4814,0.6224,0.5986,0.5586,0.5467,0.5776
2014-02,0.3096,0.7889,0.7174,0.53,0.4854,0.5447,0.4785,0.5761,0.5725,0.7564,0.534,0.5482
2014-03,0.3096,0.7723,0.7416,0.5804,0.5291,0.5685,0.4953,0.617,0.5756,0.6766,0.4802,0.5748
2014-04,0.3096,0.6925,0.6318,0.443,0.4735,0.5137,0.4438,0.4308,0.4705,0.5604,0.4844,0.4731
2014-05,0.3096,0.6748,0.6582,0.5469,0.5621,0.5577,0.4892,0.6529,0.629,0.6573,0.5089,0.5746
2014-06,0.3096,0.6085,0.5964,0.4392,0.4589,0.5039,0.4455,0.4294,0.4436,0.5939,0.5039,0.4595
2014-07,0.3096,0.6043,0.6223,0.5377,0.5595,0.532,0.4888,0.601,0.5404,0.6937,0.4821,0.5367
2014-08,0.3096,0.6254,0.6614,0.574,0.5912,0.5718,0.5025,0.6212,0.5811,0.6337,0.4636,0.5756
2014-09,0.3096,0.5981,0.6265,0.4803,0.5,0.5069,0.4634,0.5162,0.5042,0.6772,0.4727,0.4967
2014-10,0.3096,0.4948,0.4349,0.3146,0.325,0.3982,0.361,0.4069,0.3651,0.714,0.453,0.3542
2014-11,0.3096,0.3616,0.3071,0.2414,0.2682,0.351,0.2942,0.369,0.3861,0.8205,0.4232,0.3063
2014-12,0.3131,0.3635,0.3411,0.3867,0.4129,0.5148,0.4738,0.4563,0.4931,0.5203,0.4325,0.4537
2015-01,0.3131,0.3402,0.3458,0.3224,0.3472,0.4433,0.4177,0.4098,0.4389,0.5092,0.4731,0.3883
2015-02,0.3131,0.3333,0.3781,0.3743,0.4146,0.4845,0.4576,0.4397,0.4723,0.3723,0.4451,0.4346
2015-03,0.3131,0.3245,0.3863,0.3912,0.4218,0.5019,0.4723,0.4246,0.4653,0.2965,0.4609,0.4454
2015-04,0.3131,0.339,0.4112,0.4147,0.4562,0.5601,0.4964,0.4809,0.4964,0.3187,0.4392,0.4793
2015-05,0.3131,0.3826,0.393,0.331,0.3461,0.4544,0.4163,0.3975,0.4579,0.3074,0.5093,0.4001
2015-06,0.3131,0.4161,0.4124,0.3877,0.3875,0.4533,0.4462,0.3743,0.3515,0.2492,0.4513,0.3911
2015-07,0.3131,0.3777,0.3371,0.2746,0.2804,0.3832,0.3549,0.4133,0.4625,0.25,0.4002,0.3482
2015-08,0.3131,0.3618,0.3328,0.2994,0.2923,0.3948,0.373,0.412,0.4447,0.2509,0.4012,0.3641
2015-09,0.3131,0.3362,0.32,0.2814,0.2821,0.3838,0.3643,0.4266,0.4554,0.3841,0.3994,0.3518
2015-10,0.3131,0.3291,0.3387,0.3367,0.3532,0.4465,0.4235,0.4335,0.4498,0.3823,0.388,0.3997
2015-11,0.3131,0.3279,0.3405,0.3162,0.3225,0.4186,0.3945,0.4254,0.4765,0.3902,0.4347,0.3862
2015-12,0.3148,0.3229,0.3557,0.3479,0.3522,0.3953,0.3963,0.3792,0.418,0.4884,0.3912,0.3836
2016-01,0.3148,0.3565,0.3824,0.3822,0.3746,0.4078,0.409,0.3748,0.4111,0.5071,0.3798,0.3997
2016-02,0.3148,0.3531,0.3559,0.299,0.3041,0.3527,0.3495,0.3629,0.4037,0.4973,0.3677,0.344
2016-03,0.3148,0.3891,0.3978,0.4367,0.458,0.4733,0.4676,0.4996,0.4754,0.4604,0.3436,0.4607
2016-04,0.3148,0.4066,0.4232,0.3977,0.4112,0.4722,0.4493,0.3968,0.4172,0.3859,0.3717,0.4257
2016-05,0.3148,0.44,0.4514,0.4297,0.4602,0.5351,0.4848,0.472,0.4657,0.5883,0.4085,0.4711
2016-06,0.3148,0.4406,0.4894,0.4666,0.4838,0.5604,0.5021,0.5258,0.5042,0.7865,0.4678,0.5061
2016-07,0.3148,0.5007,0.569,0.7128,0.7782,0.6984,0.6076,0.5923,0.5727,0.7567,0.063,0.6515
2016-08,0.3148,0.6634,0.6464,0.6948,0.7394,0.6684,0.5909,0.6208,0.618,0.6178,0.0731,0.658
2016-09,0.3148,0.691,0.6897,0.5906,0.6097,0.6223,0.5497,0.6138,0.5797,0.5478,0.1208,0.5967
2016-10,0.3148,0.7708,0.7379,0.6132,0.6313,0.6262,0.5506,0.6098,0.5855,0.616,0.2284,0.6076
2016-11,0.3148,0.8768,0.7673,0.6199,0.6321,0.6605,0.5624,0.6178,0.6388,1.1296,0.3584,0.6391
2016-12,0.3195,0.9675,0.8443,0.754,0.775,0.7139,0.615,0.7717,0.7011,1.0922,0.5566,0.722
2017-01,0.3195,0.7987,0.6824,0.4637,0.4785,0.5526,0.496,0.4364,0.5043,0.9013,0.5477,0.503
2017-02,0.3195,0.6781,0.5966,0.4293,0.4781,0.5999,0.5175,0.4134,0.4856,1.122,0.5188,0.491
2017-03,0.3195,0.62,0.5625,0.4991,0.5279,0.6309,0.5579,0.6449,0.6401,0.9998,0.548,0.5784
2017-04,0.3195,0.5876,0.565,0.4488,0.47,0.5973,0.5168,0.4457,0.4785,1.1443,0.5398,0.4972
2017-05,0.3195,0.5475,0.5459,0.4323,0.4541,0.5788,0.5151,0.4005,0.457,0.9178,0.5542,0.4781
2017-06,0.3195,0.5157,0.5476,0.4638,0.4825,0.5707,0.5195,0.5152,0.4785,0.825,0.5488,0.4982
2017-07,0.3195,0.5335,0.5878,0.5425,0.556,0.5924,0.5492,0.6653,0.587,0.7869,0.5468,0.5726
2017-08,0.3195,0.569,0.6031,0.5169,0.5087,0.5573,0.5124,0.6209,0.5386,0.6934,0.5412,0.5368
2017-09,0.3195,0.5424,0.534,0.4111,0.4113,0.4908,0.457,0.3898,0.3566,0.5906,0.5348,0.409
2017-10,0.3195,0.5384,0.5533,0.4148,0.4091,0.4732,0.4599,0.383,0.3645,0.6718,0.5087,0.4105
2017-11,0.3195,0.5265,0.5164,0.4207,0.429,0.4971,0.4815,0.3982,0.4516,0.6433,0.4628,0.4533
2017-12,0.3233,0.5121,0.4921,0.3866,0.3812,0.46,0.4225,0.3993,0.3609,0.374,0.468,0.3964
2018-01,0.3233,0.4838,0.4822,0.4048,0.408,0.4791,0.4354,0.4006,0.4436,0.4522,0.4463,0.4394
2018-02,0.3233,0.4784,0.5103,0.4551,0.4441,0.505,0.455,0.5184,0.5582,0.4127,0.4425,0.5009
2018-03,0.3233,0.4673,0.5016,0.4208,0.4155,0.4628,0.4327,0.4144,0.4774,0.3167,0.4557,0.4517
2018-04,0.3233,0.4667,0.4711,0.3868,0.4065,0.4795,0.4167,0.4166,0.4663,0.5257,0.4032,0.438
2018-05,0.3233,0.4171,0.3983,0.3101,0.3299,0.4081,0.3573,0.3803,0.421,0.4062,0.4713,0.3689
2018-06,0.3233,0.4215,0.4117,0.3773,0.3864,0.4787,0.414,0.3913,0.4432,0.4286,0.4417,0.4267
2018-07,0.3233,0.4289,0.4326,0.404,0.4274,0.4733,0.4294,0.4166,0.4548,0.4489,0.5035,0.441
2018-08,0.3233,0.4157,0.4354,0.3968,0.4134,0.4636,0.4205,0.4025,0.4448,0.5015,0.468,0.4322
2018-09,0.3233,0.423,0.4881,0.4655,0.4837,0.4846,0.4567,0.5063,0.5299,0.408,0.471,0.4912
2018-10,0.3233,0.4207,0.4559,0.3736,0.3642,0.4887,0.3904,0.3955,0.4579,0.7309,0.433,0.4314
2018-11,0.3233,0.4684,0.4539,0.4066,0.4223,0.4713,0.417,0.4065,0.4761,1.0144,0.4849,0.4478
2018-12,0.3264,0.495,0.5035,0.5076,0.5336,0.5496,0.5148,0.641,0.6728,1.0064,0.5048,0.5649
2019-01,0.3264,0.5298,0.5607,0.589,0.608,0.5739,0.5411,0.6316,0.6946,0.8333,0.5533,0.6127
2019-02,0.3264,0.5499,0.6067,0.5518,0.5919,0.599,0.5347,0.6374,0.6624,1.0471,0.5464,0.5994
2019-03,0.3264,0.5793,0.6446,0.5528,0.6089,0.6575,0.5469,0.6579,0.6414,1.1695,0.5815,0.6118
2019-04,0.3264,0.6472,0.6722,0.5938,0.6525,0.7049,0.5738,0.6421,0.6542,1.0731,0.6076,0.6462
2019-05,0.3264,0.764,0.7228,0.6358,0.6376,0.7135,0.5606,0.6573,0.6784,1.4451,0.6203,0.6737
2019-06,0.3264,0.8305,0.7935,0.6984,0.6638,0.6273,0.5663,0.6015,0.5825,0.8493,0.6038,0.6308
2019-07,0.3264,0.7511,0.6908,0.5408,0.5374,0.6138,0.5154,0.5969,0.6437,1.0486,0.5665,0.5945
2019-08,0.3264,0.7421,0.6891,0.5466,0.5162,0.5622,0.4927,0.5645,0.5081,0.7786,0.5823,0.5375
2019-09,0.3264,0.7214,0.7097,0.5651,0.5272,0.5512,0.5131,0.565,0.5399,0.709,0.5612,0.5518
2019-10,0.3264,0.5888,0.5177,0.3704,0.3914,0.5384,0.4571,0.4018,0.4357,1.2634,0.5567,0.4329
2019-11,0.3264,0.5771,0.5524,0.5152,0.5653,0.7082,0.5691,0.6197,0.5933,2.3959,0.5759,0.5905
2019-12,0.3309,0.5642,0.6006,0.5668,0.5827,0.6838,0.714,0.6581,0.6471,0.6592,0.6239,0.6266
2020-01,0.3309,0.5925,0.6642,0.6666,0.7197,0.7794,0.8167,0.6841,0.7213,0.9424,0.6262,0.7181
2020-02,0.3309,0.5998,0.6727,0.5706,0.6093,0.7126,0.7427,0.6798,0.7069,0.8206,0.6166,0.6527
2020-03,0.3309,0.5215,0.5195,0.3933,0.3939,0.5779,0.5946,0.3849,0.473,0.4523,0.6005,0.4641
2020-04,0.3309,0.5806,0.5327,0.4413,0.3931,0.4621,0.4771,0.4063,0.4661,0.1446,0.435,0.4561
2020-05,0.3309,0.5483,0.5049,0.4085,0.3593,0.4055,0.4138,0.3993,0.4581,0.158,0.4392,0.4221
2020-06,0.3309,0.4416,0.3985,0.3142,0.2794,0.3641,0.3693,0.3427,0.4043,0.1161,0.4235,0.3551
2020-07,0.3309,0.4222,0.4157,0.4059,0.3686,0.421,0.4293,0.3839,0.4045,0.2708,0.3899,0.4103
2020-08,0.3309,0.389,0.3931,0.3376,0.3355,0.3868,0.3874,0.3398,0.3801,0.2374,0.4015,0.3661
2020-09,0.3309,0.4136,0.4451,0.5227,0.5138,0.5053,0.5037,0.6002,0.5687,0.2088,0.3909,0.5303
2020-10,0.3309,0.4069,0.4447,0.3922,0.3952,0.4234,0.4177,0.4106,0.4319,0.1678,0.4162,0.4147
2020-11,0.3309,0.382,0.3928,0.3308,0.3487,0.4151,0.4109,0.3853,0.4064,0.2505,0.4104,0.378
2020-12,0.3334,0.4311,0.4299,0.4438,0.4563,0.5055,0.5238,0.5028,0.5038,0.5402,0.4167,0.4817
2021-01,0.3334,0.4379,0.457,0.4322,0.4371,0.4981,0.5032,0.4899,0.5444,0.6155,0.4087,0.4849
2021-02,0.3334,0.4543,0.4614,0.4113,0.4365,0.5381,0.5093,0.4305,0.5212,0.8168,0.4395,0.4795
2021-03,0.3334,0.4415,0.463,0.4061,0.4447,0.4737,0.5164,0.4263,0.5291,0.802,0.4849,0.4614
2021-04,0.3334,0.4686,0.5298,0.6292,0.6666,0.6308,0.6188,0.676,0.7006,1.1086,0.4922,0.6511
2021-05,0.3334,0.5541,0.5671,0.5154,0.536,0.6065,0.5679,0.6528,0.6791,0.9516,0.5528,0.5888
2021-06,0.3334,0.5818,0.6321,0.6564,0.699,0.6557,0.6179,0.7037,0.7006,0.8896,0.5388,0.67
2021-07,0.3334,0.6613,0.7274,0.8337,0.8988,0.7893,0.6964,0.7201,0.6887,1.1551,0.5421,0.7631
2021-08,0.3334,0.7662,0.7778,0.6926,0.7282,0.7581,0.648,0.7123,0.6947,1.1365,0.5686,0.7133
2021-09,0.3334,0.9026,0.7779,0.6126,0.6363,0.6667,0.5977,0.6957,0.6762,0.8442,0.559,0.65
2021-10,0.3334,0.8666,0.7913,0.5656,0.5895,0.6738,0.5876,0.6668,0.6856,1.038,0.5221,0.6343
2021-11,0.3334,0.7183,0.5958,0.4261,0.448,0.5603,0.499,0.4347,0.5016,0.7718,0.5356,0.4866
2021-12,0.3375,0.6478,0.563,0.4514,0.4707,0.5693,0.5338,0.4701,0.4748,0.4843,0.6053,0.4913
2022-01,0.3375,0.5433,0.4914,0.3835,0.3831,0.4942,0.4548,0.4448,0.4424,0.3712,0.4815,0.433
2022-02,0.3375,0.5065,0.4913,0.4053,0.4042,0.4939,0.4707,0.4467,0.436,0.4505,0.4809,0.4407
2022-03,0.3375,0.4862,0.5124,0.4662,0.4714,0.5263,0.5166,0.4872,0.498,0.5396,0.4776,0.495
2022-04,0.3375,0.4849,0.5526,0.5332,0.5375,0.5556,0.5391,0.5862,0.5442,0.4784,0.4797,0.5441
2022-05,0.3375,0.522,0.5833,0.5441,0.5448,0.5575,0.5367,0.5738,0.5331,0.6299,0.4927,0.5446
2022-06,0.3375,0.5258,0.6108,0.5498,0.5385,0.5475,0.5161,0.5636,0.4917,0.3779,0.4903,0.5275
2022-07,0.3375,0.596,0.6378,0.5641,0.5922,0.5899,0.5622,0.6339,0.5836,0.9153,0.4877,0.5789
2022-08,0.3375,0.6528,0.6231,0.5169,0.5404,0.5772,0.544,0.4935,0.4746,0.725,0.5068,0.5179
2022-09,0.3375,0.6523,0.6109,0.4967,0.4766,0.5583,0.4956,0.4482,0.4051,0.6287,0.5057,0.474
2022-10,0.3375,0.6261,0.6066,0.489,0.4378,0.4869,0.484,0.4473,0.3947,0.2414,0.4774,0.4499
2022-11,0.3375,0.5095,0.4458,0.3355,0.3332,0.4505,0.4267,0.4532,0.456,0.2866,0.4605,0.4014
2022-12,0.3406,0.4882,0.461,0.4257,0.4371,0.5538,0.51,0.449,0.4639,0.5169,0.5021,0.4727
2023-01,0.3406,0.4804,0.4893,0.4569,0.442,0.5275,0.5305,0.4728,0.451,0.4776,0.4823,0.4749
2023-02,0.3406,0.466,0.4863,0.4328,0.4517,0.5272,0.5026,0.4768,0.4495,0.369,0.4857,0.4648
2023-03,0.3406,0.4362,0.4457,0.3842,0.3786,0.4498,0.464,0.4915,0.47,0.4909,0.4737,0.4297
2023-04,0.3406,0.4052,0.4112,0.3515,0.3497,0.43,0.4462,0.4657,0.4358,0.5604,0.4576,0.3998
2023-05,0.3406,0.457,0.4523,0.4703,0.4499,0.5077,0.5294,0.5075,0.4931,0.5421,0.4533,0.4897
2023-06,0.3406,0.4672,0.4855,0.473,0.4714,0.5098,0.5113,0.4836,0.483,0.3647,0.4789,0.4878
2023-07,0.3406,0.3437,0.3039,0.2447,0.23,0.2717,0.2854,0.3495,0.3393,0.4282,0.4795,0.2776
2023-08,0.3406,0.3275,0.309,0.3147,0.3102,0.401,0.3986,0.3851,0.368,0.5202,0.3892,0.3558
2023-09,0.3406,0.3373,0.3463,0.3838,0.3763,0.4459,0.4575,0.3989,0.3776,0.5147,0.4065,0.3991
2023-10,0.3406,0.3445,0.3667,0.3574,0.3523,0.4348,0.4362,0.3902,0.4029,0.5086,0.4264,0.3945
2023-11,0.3406,0.3153,0.3314,0.2985,0.2669,0.3163,0.3361,0.392,0.3858,0.4197,0.4255,0.3277
2023-12,0.3415,0.3167,0.3826,0.4678,0.4397,0.4395,0.4764,0.581,0.5511,0.6207,0.3669,0.4797
2024-01,0.3415,0.3563,0.4265,0.464,0.4776,0.5124,0.5103,0.6229,0.6706,0.4951,0.4083,0.5301
2024-02,0.3415,0.4539,0.4682,0.4992,0.4501,0.4508,0.4725,0.5684,0.5557,0.6128,0.4593,0.4964
2024-03,0.3415,0.4351,0.4422,0.3781,0.3785,0.4241,0.4232,0.4374,0.4858,0.8099,0.4283,0.4227
2024-04,0.3415,0.4424,0.4608,0.4261,0.3794,0.4422,0.4375,0.4175,0.384,0.7431,0.4519,0.4152
2024-05,0.3415,0.5492,0.4963,0.4537,0.4409,0.4862,0.4787,0.4959,0.5234,0.5359,0.4407,0.4853
2024-06,0.3415,0.5274,0.4984,0.4277,0.4097,0.4508,0.4516,0.4067,0.4211,0.6096,0.4866,0.4327
2024-07,0.3415,0.4683,0.4366,0.3618,0.3597,0.445,0.4245,0.4631,0.5587,0.5378,0.4602,0.4344
2024-08,0.3415,0.3912,0.355,0.2932,0.2986,0.4155,0.3737,0.3873,0.4288,0.4585,0.4953,0.3622
2024-09,0.3415,0.3719,0.3425,0.2927,0.3152,0.4139,0.3847,0.3959,0.401,0.3589,0.5007,0.3555
2024-10,0.3415,0.3566,0.3528,0.3375,0.3667,0.4526,0.4371,0.4062,0.4055,0.3604,0.5036,0.3898
2024-11,0.3415,0.3549,0.3834,0.4015,0.4209,0.4851,0.4718,0.4159,0.4162,0.525,0.501,0.43
2024-12,0.3432,0.3515,0.4022,0.3986,0.4172,0.4819,0.478,0.4147,0.4101,0.4931,0.4853,0.4258
2025-01,0.3432,0.3364,0.3793,0.3301,0.3592,0.4179,0.4169,0.4313,0.4568,0.542,0.4793,0.3903
2025-02,0.3432,0.3519,0.38,0.3513,0.3754,0.4563,0.4503,0.4356,0.4606,0.4986,0.4695,0.4126
2025-03,0.3432,0.3748,0.3614,0.3153,0.2985,0.3953,0.375,0.364,0.3818,0.7212,0.4657,0.3587
2025-04,0.3432,0.3673,0.3612,0.3412,0.3111,0.4284,0.416,0.3914,0.4306,0.4791,0.3916,0.3929
2025-05,0.3432,0.3437,0.3335,0.2925,0.3023,0.3849,0.3767,0.3691,0.3663,0.332,0.3954,0.3404
2025-06,0.3432,0.3384,0.3478,0.3405,0.3378,0.4524,0.4483,0.3793,0.384,0.2854,0.4152,0.3845
2025-07,0.3432,0.3356,0.3368,0.3089,0.3193,0.4586,0.4416,0.3849,0.3878,0.2481,0.441,0.3702
2025-08,0.3432,0.3329,0.3466,0.3332,0.339,0.4721,0.4556,0.4146,0.4483,0.3271,0.4416,0.4031
2025-09,0.3432,0.3538,0.3849,0.4268,0.4322,0.5364,0.5378,0.4856,0.4981,0.4159,0.4335,0.4805
2025-10,0.3432,0.3223,0.3134,0.2643,0.2804,0.3925,0.3789,0.3678,0.3921,0.3358,0.4812,0.3314
2025-11,0.3432,0.317,0.3191,0.3132,0.3284,0.4596,0.4499,0.3884,0.3954,0.4757,0.4593,0.3751
2025-12,0.3432,0.338,0.3506,0.3743,0.386,0.4805,0.4932,0.3715,0.3668,0.5193,0.3942,0.3984
2026-01,0.3432,0.3313,0.3344,0.3067,0.3137,0.3664,0.3754,0.401,0.3811,0.4432,0.4325,0.3466
2026-02,0.3432,0.3121,0.3098,0.2694,0.2516,0.2803,0.2918,0.3251,0.2892,0.4232,0.4186,0.2793
2026-03,0.3432,0.2897,0.2943,0.2727,0.2567,0.3145,0.3179,0.3034,0.3175,0.7059,0.3264,0.2993
